[    1338ms] [LOG] [Client Instrumentation Hook] Slow execution detected: 82ms (Note: Code download overhead is not included in this measurement) @ http://localhost:3000/_next/static/chunks/0df7_%40sentry_core_build_esm_0tpbl~p._.js:10988
[    1365ms] [INFO] %cDownload the React DevTools for a better development experience: https://react.dev/link/react-devtools font-weight:bold @ http://localhost:3000/_next/static/chunks/0df7_%40sentry_core_build_esm_0tpbl~p._.js:10988
[    1480ms] [LOG] [HMR] connected @ http://localhost:3000/_next/static/chunks/0df7_%40sentry_core_build_esm_0tpbl~p._.js:10988
[    1615ms] [ERROR] Failed to load resource: net::ERR_CONNECTION_REFUSED @ http://localhost:8969/stream:0
[    1630ms] [ERROR] Failed to load resource: net::ERR_CONNECTION_REFUSED @ http://localhost:8969/stream:0
[    1633ms] [LOG] [Fast Refresh] rebuilding @ http://localhost:3000/_next/static/chunks/0df7_%40sentry_core_build_esm_0tpbl~p._.js:10988
[    2359ms] [LOG] [Fast Refresh] done in 833ms @ http://localhost:3000/_next/static/chunks/0df7_%40sentry_core_build_esm_0tpbl~p._.js:10988
[    2703ms] [ERROR] Failed to load resource: net::ERR_CONNECTION_REFUSED @ http://localhost:8969/stream:0
[    6339ms] [ERROR] Failed to load resource: net::ERR_CONNECTION_REFUSED @ http://localhost:8969/stream:0
[    7623ms] [VERBOSE] [DOM] Password field is not contained in a form: (More info: https://goo.gl/9p2vKq) %o @ https://accounts.google.com/v3/signin/identifier?opparams=%253F&dsh=S18402885%3A1784907104264865&client_id=740846053058-oq6hrad9osmm41a96olisb6m48rcbe9o.apps.googleusercontent.com&code_challenge=xmDeEqnEeACGmybvowbK6eXi0M1UfOrJQTbrSuf9iBo&code_challenge_method=S256&include_granted_scopes=true&o2v=2&redirect_uri=http%3A%2F%2Flocalhost%3A3000%2Fapi%2Fauth%2Fcallback%2Fgoogle&response_type=code&scope=email+profile+openid&service=lso&state=Yph7lkjRPEBIO-16tvMXjg_JavyporFW&flowName=GeneralOAuthFlow&continue=https%3A%2F%2Faccounts.google.com%2Fsignin%2Foauth%2Fconsent%3Fauthuser%3Dunknown%26part%3DAJi8hAMBwRPeKhUN1Z4a-3RDu9OApqxxUjzDTJgY6Kd3MQ8WJDSBP3wg-Y5PMH72IsfGFaId2pGfFFiz9EC33eySoMynJ13du7MLZaFcdjoszPKNu0ZLiGm5kVsvjWImePTRPaaADKnarjKG7KIyqROsl13Qr-hoBVItrX4OCIZ-MRDcBir-ByVfdI9-RCx1w7XvB9xRv269c1Dzyh7M4j1F-cBCDZcrf-wgkm1QioCIzuqxKubiE30lUIZq3EeF0AF84yh4lDAl_hDVBAYmsuVbzicExB7UX6I5d1NidvgANmOB4ELLV7zVRwPpyOuhkPvLWnCH_JsB8CbeQkiaDtH1dWfqCQIdXSrIBQooi39DcbmLYosHBycV_Vtu-YMZbLjeFMKUwcY-k6rVa4xuhS7qmJg1ySWnfz_Z6AkM45IqYRw7O-F_BPBtHFU8hSxEgcvoxPAIl153UdyXFybKkAuT2ZzRRPB6fA%26flowName%3DGeneralOAuthFlow%26as%3DS18402885%253A1784907104264865%26client_id%3D740846053058-oq6hrad9osmm41a96olisb6m48rcbe9o.apps.googleusercontent.com%26requestPath%3D%252Fsignin%252Foauth%252Fconsent%23&app_domain=http%3A%2F%2Flocalhost%3A3000&rart=ANgoxceQ0KI6OrZvYHIPF2vav81k9W190JS9Nbw4vfABJM0L9bT8j-EpXrODG-22ffdl-c59fHq5xZwsIO6WXOu2QEPB2E5dmlUM21TgrEv_4CwZjnCS8dM:0
[    7632ms] [LOG] %c%s color: red; background: yellow; font-size: 24px; WARNING! @ https://www.gstatic.com/_/mss/boq-identity/_/js/k=boq-identity.AccountsSignInUi.en_US.6BEdSb9c4Nc.es5.O/am=EQUAAADIoC9EAND__98AAAQQZDvgPQugCRAyAAAAAAAAAADAAgAANQII/d=1/excm=_b,_tp,identifierview/ed=1/dg=0/wt=2/ujg=1/rs=AOaEmlFF5rIJes5mOond4iRmZfiXyL8_qA/dti=1/m=_b,_tp:552
[    7632ms] [LOG] %c%s font-size: 18px; Using this console may allow attackers to impersonate you and steal your information using an attack called Self-XSS.
Do not enter or paste code that you do not understand. @ https://www.gstatic.com/_/mss/boq-identity/_/js/k=boq-identity.AccountsSignInUi.en_US.6BEdSb9c4Nc.es5.O/am=EQUAAADIoC9EAND__98AAAQQZDvgPQugCRAyAAAAAAAAAADAAgAANQII/d=1/excm=_b,_tp,identifierview/ed=1/dg=0/wt=2/ujg=1/rs=AOaEmlFF5rIJes5mOond4iRmZfiXyL8_qA/dti=1/m=_b,_tp:552
[   12088ms] [LOG] [Client Instrumentation Hook] Slow execution detected: 22ms (Note: Code download overhead is not included in this measurement) @ http://localhost:3000/_next/static/chunks/0df7_%40sentry_core_build_esm_0tpbl~p._.js:10988
[   12107ms] [INFO] %cDownload the React DevTools for a better development experience: https://react.dev/link/react-devtools font-weight:bold @ http://localhost:3000/_next/static/chunks/0df7_%40sentry_core_build_esm_0tpbl~p._.js:10988
[   12179ms] [LOG] [HMR] connected @ http://localhost:3000/_next/static/chunks/0df7_%40sentry_core_build_esm_0tpbl~p._.js:10988
[   13221ms] [ERROR] Failed to load resource: net::ERR_CONNECTION_REFUSED @ http://localhost:8969/stream:0
[   17093ms] [ERROR] Failed to load resource: net::ERR_CONNECTION_REFUSED @ http://localhost:8969/stream:0
[  224147ms] [LOG] [Fast Refresh] rebuilding @ http://localhost:3000/_next/static/chunks/0df7_%40sentry_core_build_esm_0tpbl~p._.js:10988
[  225121ms] [LOG] [Fast Refresh] done in 1073ms @ http://localhost:3000/_next/static/chunks/0df7_%40sentry_core_build_esm_0tpbl~p._.js:10988
[  229144ms] [ERROR] Failed to load resource: net::ERR_CONNECTION_REFUSED @ http://localhost:8969/stream:0
[  345799ms] [LOG] [Fast Refresh] rebuilding @ http://localhost:3000/_next/static/chunks/0df7_%40sentry_core_build_esm_0tpbl~p._.js:10988
[  350919ms] [ERROR] Failed to load resource: net::ERR_CONNECTION_REFUSED @ http://localhost:8969/stream:0
[  351664ms] Error: Internal Next.js error: Router action dispatched before initialization.
    at dispatchAppRouterAction (http://localhost:3000/_next/static/chunks/0b5f_next_dist_client_03ku85~._.js:2271:37)
    at http://localhost:3000/_next/static/chunks/0b5f_next_dist_client_03ku85~._.js:13024:61
    at startTransition (http://localhost:3000/_next/static/chunks/0b5f_next_dist_compiled_0dv9ie3._.js:1280:31)
    at Object.hmrRefresh (http://localhost:3000/_next/static/chunks/0b5f_next_dist_client_03ku85~._.js:13023:40)
    at http://localhost:3000/_next/static/chunks/0b5f_next_dist_client_03ku85~._.js:15191:64
    at startTransition (http://localhost:3000/_next/static/chunks/0b5f_next_dist_compiled_0dv9ie3._.js:1280:31)
    at processMessage (http://localhost:3000/_next/static/chunks/0b5f_next_dist_client_03ku85~._.js:15190:44)
    at WebSocket.handleMessage (http://localhost:3000/_next/static/chunks/0b5f_next_dist_client_03ku85~._.js:14559:52)
[  351667ms] Error: Internal Next.js error: Router action dispatched before initialization.
    at dispatchAppRouterAction (http://localhost:3000/_next/static/chunks/0b5f_next_dist_client_03ku85~._.js:2271:37)
    at http://localhost:3000/_next/static/chunks/0b5f_next_dist_client_03ku85~._.js:13024:61
    at startTransition (http://localhost:3000/_next/static/chunks/0b5f_next_dist_compiled_0dv9ie3._.js:1280:31)
    at Object.hmrRefresh (http://localhost:3000/_next/static/chunks/0b5f_next_dist_client_03ku85~._.js:13023:40)
    at http://localhost:3000/_next/static/chunks/0b5f_next_dist_client_03ku85~._.js:15191:64
    at startTransition (http://localhost:3000/_next/static/chunks/0b5f_next_dist_compiled_0dv9ie3._.js:1280:31)
    at processMessage (http://localhost:3000/_next/static/chunks/0b5f_next_dist_client_03ku85~._.js:15190:44)
    at WebSocket.handleMessage (http://localhost:3000/_next/static/chunks/0b5f_next_dist_client_03ku85~._.js:14559:52)
[  351667ms] Error: Internal Next.js error: Router action dispatched before initialization.
    at dispatchAppRouterAction (http://localhost:3000/_next/static/chunks/0b5f_next_dist_client_03ku85~._.js:2271:37)
    at http://localhost:3000/_next/static/chunks/0b5f_next_dist_client_03ku85~._.js:13024:61
    at startTransition (http://localhost:3000/_next/static/chunks/0b5f_next_dist_compiled_0dv9ie3._.js:1280:31)
    at Object.hmrRefresh (http://localhost:3000/_next/static/chunks/0b5f_next_dist_client_03ku85~._.js:13023:40)
    at http://localhost:3000/_next/static/chunks/0b5f_next_dist_client_03ku85~._.js:15191:64
    at startTransition (http://localhost:3000/_next/static/chunks/0b5f_next_dist_compiled_0dv9ie3._.js:1280:31)
    at processMessage (http://localhost:3000/_next/static/chunks/0b5f_next_dist_client_03ku85~._.js:15190:44)
    at WebSocket.handleMessage (http://localhost:3000/_next/static/chunks/0b5f_next_dist_client_03ku85~._.js:14559:52)
[  351681ms] Error: Internal Next.js error: Router action dispatched before initialization.
    at dispatchAppRouterAction (http://localhost:3000/_next/static/chunks/0b5f_next_dist_client_03ku85~._.js:2271:37)
    at http://localhost:3000/_next/static/chunks/0b5f_next_dist_client_03ku85~._.js:13024:61
    at startTransition (http://localhost:3000/_next/static/chunks/0b5f_next_dist_compiled_0dv9ie3._.js:1280:31)
    at Object.hmrRefresh (http://localhost:3000/_next/static/chunks/0b5f_next_dist_client_03ku85~._.js:13023:40)
    at http://localhost:3000/_next/static/chunks/0b5f_next_dist_client_03ku85~._.js:15191:64
    at startTransition (http://localhost:3000/_next/static/chunks/0b5f_next_dist_compiled_0dv9ie3._.js:1280:31)
    at processMessage (http://localhost:3000/_next/static/chunks/0b5f_next_dist_client_03ku85~._.js:15190:44)
    at WebSocket.handleMessage (http://localhost:3000/_next/static/chunks/0b5f_next_dist_client_03ku85~._.js:14559:52)
[  351687ms] Error: Internal Next.js error: Router action dispatched before initialization.
    at dispatchAppRouterAction (http://localhost:3000/_next/static/chunks/0b5f_next_dist_client_03ku85~._.js:2271:37)
    at http://localhost:3000/_next/static/chunks/0b5f_next_dist_client_03ku85~._.js:13024:61
    at startTransition (http://localhost:3000/_next/static/chunks/0b5f_next_dist_compiled_0dv9ie3._.js:1280:31)
    at Object.hmrRefresh (http://localhost:3000/_next/static/chunks/0b5f_next_dist_client_03ku85~._.js:13023:40)
    at http://localhost:3000/_next/static/chunks/0b5f_next_dist_client_03ku85~._.js:15191:64
    at startTransition (http://localhost:3000/_next/static/chunks/0b5f_next_dist_compiled_0dv9ie3._.js:1280:31)
    at processMessage (http://localhost:3000/_next/static/chunks/0b5f_next_dist_client_03ku85~._.js:15190:44)
    at WebSocket.handleMessage (http://localhost:3000/_next/static/chunks/0b5f_next_dist_client_03ku85~._.js:14559:52)
[  351741ms] Error: Internal Next.js error: Router action dispatched before initialization.
    at dispatchAppRouterAction (http://localhost:3000/_next/static/chunks/0b5f_next_dist_client_03ku85~._.js:2271:37)
    at http://localhost:3000/_next/static/chunks/0b5f_next_dist_client_03ku85~._.js:13024:61
    at startTransition (http://localhost:3000/_next/static/chunks/0b5f_next_dist_compiled_0dv9ie3._.js:1280:31)
    at Object.hmrRefresh (http://localhost:3000/_next/static/chunks/0b5f_next_dist_client_03ku85~._.js:13023:40)
    at http://localhost:3000/_next/static/chunks/0b5f_next_dist_client_03ku85~._.js:15191:64
    at startTransition (http://localhost:3000/_next/static/chunks/0b5f_next_dist_compiled_0dv9ie3._.js:1280:31)
    at processMessage (http://localhost:3000/_next/static/chunks/0b5f_next_dist_client_03ku85~._.js:15190:44)
    at WebSocket.handleMessage (http://localhost:3000/_next/static/chunks/0b5f_next_dist_client_03ku85~._.js:14559:52)
[  351739ms] [ERROR] Failed to load resource: the server responded with a status of 500 (Internal Server Error) @ http://localhost:3000/monitoring?o=4511312386785280&p=4511312387047424&r=us:0
[  351788ms] Error: Internal Next.js error: Router action dispatched before initialization.
    at dispatchAppRouterAction (http://localhost:3000/_next/static/chunks/0b5f_next_dist_client_03ku85~._.js:2271:37)
    at http://localhost:3000/_next/static/chunks/0b5f_next_dist_client_03ku85~._.js:13024:61
    at startTransition (http://localhost:3000/_next/static/chunks/0b5f_next_dist_compiled_0dv9ie3._.js:1280:31)
    at Object.hmrRefresh (http://localhost:3000/_next/static/chunks/0b5f_next_dist_client_03ku85~._.js:13023:40)
    at http://localhost:3000/_next/static/chunks/0b5f_next_dist_client_03ku85~._.js:15191:64
    at startTransition (http://localhost:3000/_next/static/chunks/0b5f_next_dist_compiled_0dv9ie3._.js:1280:31)
    at processMessage (http://localhost:3000/_next/static/chunks/0b5f_next_dist_client_03ku85~._.js:15190:44)
    at WebSocket.handleMessage (http://localhost:3000/_next/static/chunks/0b5f_next_dist_client_03ku85~._.js:14559:52)
[  351819ms] Error: Internal Next.js error: Router action dispatched before initialization.
    at dispatchAppRouterAction (http://localhost:3000/_next/static/chunks/0b5f_next_dist_client_03ku85~._.js:2271:37)
    at http://localhost:3000/_next/static/chunks/0b5f_next_dist_client_03ku85~._.js:13024:61
    at startTransition (http://localhost:3000/_next/static/chunks/0b5f_next_dist_compiled_0dv9ie3._.js:1280:31)
    at Object.hmrRefresh (http://localhost:3000/_next/static/chunks/0b5f_next_dist_client_03ku85~._.js:13023:40)
    at http://localhost:3000/_next/static/chunks/0b5f_next_dist_client_03ku85~._.js:15191:64
    at startTransition (http://localhost:3000/_next/static/chunks/0b5f_next_dist_compiled_0dv9ie3._.js:1280:31)
    at processMessage (http://localhost:3000/_next/static/chunks/0b5f_next_dist_client_03ku85~._.js:15190:44)
    at WebSocket.handleMessage (http://localhost:3000/_next/static/chunks/0b5f_next_dist_client_03ku85~._.js:14559:52)
[  351827ms] Error: Internal Next.js error: Router action dispatched before initialization.
    at dispatchAppRouterAction (http://localhost:3000/_next/static/chunks/0b5f_next_dist_client_03ku85~._.js:2271:37)
    at http://localhost:3000/_next/static/chunks/0b5f_next_dist_client_03ku85~._.js:13024:61
    at startTransition (http://localhost:3000/_next/static/chunks/0b5f_next_dist_compiled_0dv9ie3._.js:1280:31)
    at Object.hmrRefresh (http://localhost:3000/_next/static/chunks/0b5f_next_dist_client_03ku85~._.js:13023:40)
    at http://localhost:3000/_next/static/chunks/0b5f_next_dist_client_03ku85~._.js:15191:64
    at startTransition (http://localhost:3000/_next/static/chunks/0b5f_next_dist_compiled_0dv9ie3._.js:1280:31)
    at processMessage (http://localhost:3000/_next/static/chunks/0b5f_next_dist_client_03ku85~._.js:15190:44)
    at WebSocket.handleMessage (http://localhost:3000/_next/static/chunks/0b5f_next_dist_client_03ku85~._.js:14559:52)
[  352435ms] Error: Internal Next.js error: Router action dispatched before initialization.
    at dispatchAppRouterAction (http://localhost:3000/_next/static/chunks/0b5f_next_dist_client_03ku85~._.js:2271:37)
    at http://localhost:3000/_next/static/chunks/0b5f_next_dist_client_03ku85~._.js:13024:61
    at startTransition (http://localhost:3000/_next/static/chunks/0b5f_next_dist_compiled_0dv9ie3._.js:1280:31)
    at Object.hmrRefresh (http://localhost:3000/_next/static/chunks/0b5f_next_dist_client_03ku85~._.js:13023:40)
    at http://localhost:3000/_next/static/chunks/0b5f_next_dist_client_03ku85~._.js:15191:64
    at startTransition (http://localhost:3000/_next/static/chunks/0b5f_next_dist_compiled_0dv9ie3._.js:1280:31)
    at processMessage (http://localhost:3000/_next/static/chunks/0b5f_next_dist_client_03ku85~._.js:15190:44)
    at WebSocket.handleMessage (http://localhost:3000/_next/static/chunks/0b5f_next_dist_client_03ku85~._.js:14559:52)
[  352446ms] Error: Internal Next.js error: Router action dispatched before initialization.
    at dispatchAppRouterAction (http://localhost:3000/_next/static/chunks/0b5f_next_dist_client_03ku85~._.js:2271:37)
    at http://localhost:3000/_next/static/chunks/0b5f_next_dist_client_03ku85~._.js:13024:61
    at startTransition (http://localhost:3000/_next/static/chunks/0b5f_next_dist_compiled_0dv9ie3._.js:1280:31)
    at Object.hmrRefresh (http://localhost:3000/_next/static/chunks/0b5f_next_dist_client_03ku85~._.js:13023:40)
    at http://localhost:3000/_next/static/chunks/0b5f_next_dist_client_03ku85~._.js:15191:64
    at startTransition (http://localhost:3000/_next/static/chunks/0b5f_next_dist_compiled_0dv9ie3._.js:1280:31)
    at processMessage (http://localhost:3000/_next/static/chunks/0b5f_next_dist_client_03ku85~._.js:15190:44)
    at WebSocket.handleMessage (http://localhost:3000/_next/static/chunks/0b5f_next_dist_client_03ku85~._.js:14559:52)
[  352447ms] Error: Internal Next.js error: Router action dispatched before initialization.
    at dispatchAppRouterAction (http://localhost:3000/_next/static/chunks/0b5f_next_dist_client_03ku85~._.js:2271:37)
    at http://localhost:3000/_next/static/chunks/0b5f_next_dist_client_03ku85~._.js:13024:61
    at startTransition (http://localhost:3000/_next/static/chunks/0b5f_next_dist_compiled_0dv9ie3._.js:1280:31)
    at Object.hmrRefresh (http://localhost:3000/_next/static/chunks/0b5f_next_dist_client_03ku85~._.js:13023:40)
    at http://localhost:3000/_next/static/chunks/0b5f_next_dist_client_03ku85~._.js:15191:64
    at startTransition (http://localhost:3000/_next/static/chunks/0b5f_next_dist_compiled_0dv9ie3._.js:1280:31)
    at processMessage (http://localhost:3000/_next/static/chunks/0b5f_next_dist_client_03ku85~._.js:15190:44)
    at WebSocket.handleMessage (http://localhost:3000/_next/static/chunks/0b5f_next_dist_client_03ku85~._.js:14559:52)
[  352465ms] Error: Internal Next.js error: Router action dispatched before initialization.
    at dispatchAppRouterAction (http://localhost:3000/_next/static/chunks/0b5f_next_dist_client_03ku85~._.js:2271:37)
    at http://localhost:3000/_next/static/chunks/0b5f_next_dist_client_03ku85~._.js:13024:61
    at startTransition (http://localhost:3000/_next/static/chunks/0b5f_next_dist_compiled_0dv9ie3._.js:1280:31)
    at Object.hmrRefresh (http://localhost:3000/_next/static/chunks/0b5f_next_dist_client_03ku85~._.js:13023:40)
    at http://localhost:3000/_next/static/chunks/0b5f_next_dist_client_03ku85~._.js:15191:64
    at startTransition (http://localhost:3000/_next/static/chunks/0b5f_next_dist_compiled_0dv9ie3._.js:1280:31)
    at processMessage (http://localhost:3000/_next/static/chunks/0b5f_next_dist_client_03ku85~._.js:15190:44)
    at WebSocket.handleMessage (http://localhost:3000/_next/static/chunks/0b5f_next_dist_client_03ku85~._.js:14559:52)
[  352475ms] Error: Internal Next.js error: Router action dispatched before initialization.
    at dispatchAppRouterAction (http://localhost:3000/_next/static/chunks/0b5f_next_dist_client_03ku85~._.js:2271:37)
    at http://localhost:3000/_next/static/chunks/0b5f_next_dist_client_03ku85~._.js:13024:61
    at startTransition (http://localhost:3000/_next/static/chunks/0b5f_next_dist_compiled_0dv9ie3._.js:1280:31)
    at Object.hmrRefresh (http://localhost:3000/_next/static/chunks/0b5f_next_dist_client_03ku85~._.js:13023:40)
    at http://localhost:3000/_next/static/chunks/0b5f_next_dist_client_03ku85~._.js:15191:64
    at startTransition (http://localhost:3000/_next/static/chunks/0b5f_next_dist_compiled_0dv9ie3._.js:1280:31)
    at processMessage (http://localhost:3000/_next/static/chunks/0b5f_next_dist_client_03ku85~._.js:15190:44)
    at WebSocket.handleMessage (http://localhost:3000/_next/static/chunks/0b5f_next_dist_client_03ku85~._.js:14559:52)
[  352488ms] Error: Internal Next.js error: Router action dispatched before initialization.
    at dispatchAppRouterAction (http://localhost:3000/_next/static/chunks/0b5f_next_dist_client_03ku85~._.js:2271:37)
    at http://localhost:3000/_next/static/chunks/0b5f_next_dist_client_03ku85~._.js:13024:61
    at startTransition (http://localhost:3000/_next/static/chunks/0b5f_next_dist_compiled_0dv9ie3._.js:1280:31)
    at Object.hmrRefresh (http://localhost:3000/_next/static/chunks/0b5f_next_dist_client_03ku85~._.js:13023:40)
    at http://localhost:3000/_next/static/chunks/0b5f_next_dist_client_03ku85~._.js:15191:64
    at startTransition (http://localhost:3000/_next/static/chunks/0b5f_next_dist_compiled_0dv9ie3._.js:1280:31)
    at processMessage (http://localhost:3000/_next/static/chunks/0b5f_next_dist_client_03ku85~._.js:15190:44)
    at WebSocket.handleMessage (http://localhost:3000/_next/static/chunks/0b5f_next_dist_client_03ku85~._.js:14559:52)
[  353164ms] [ERROR] ./src/components/ui/button.tsx:2:1
Module not found: Can't resolve '@radix-ui/react-slot'
  1 | import * as React from "react";
> 2 | import { Slot } from "@radix-ui/react-slot";
    | ^^^^^^^^^^^^^^^^^^^^^^^^^^^^^^^^^^^^^^^^^^^^
  3 | import { cva, type VariantProps } from "class-variance-authority";
  4 |
  5 | import { cn } from "@/lib/utils";

Import traces:
  #1 [Client Component Browser]:
    ./src/components/ui/button.tsx [Client Component Browser]
    ./src/components/layout/dashboard-sidebar.tsx [Client Component Browser]
    ./src/components/layout/dashboard-sidebar.tsx [Server Component]
    ./src/app/[locale]/(dashboard)/layout.tsx [Server Component]

  #2 [Client Component SSR]:
    ./src/components/ui/button.tsx [Client Component SSR]
    ./src/components/layout/dashboard-sidebar.tsx [Client Component SSR]
    ./src/components/layout/dashboard-sidebar.tsx [Server Component]
    ./src/app/[locale]/(dashboard)/layout.tsx [Server Component]

  #3 [Client Component Browser]:
    ./src/components/ui/button.tsx [Client Component Browser]
    ./src/features/upload/components/panel/sources-panel.tsx [Client Component Browser]
    ./src/app/[locale]/(dashboard)/study/_components/study-workspace.tsx [Client Component Browser]
    ./src/app/[locale]/(dashboard)/study/_components/study-workspace.tsx [Server Component]
    ./src/app/[locale]/(dashboard)/study/page.tsx [Server Component]

  #4 [Client Component SSR]:
    ./src/components/ui/button.tsx [Client Component SSR]
    ./src/features/upload/components/panel/sources-panel.tsx [Client Component SSR]
    ./src/app/[locale]/(dashboard)/study/_components/study-workspace.tsx [Client Component SSR]
    ./src/app/[locale]/(dashboard)/study/_components/study-workspace.tsx [Server Component]
    ./src/app/[locale]/(dashboard)/study/page.tsx [Server Component]

https://nextjs.org/docs/messages/module-not-found @ http://localhost:3000/_next/static/chunks/0df7_%40sentry_core_build_esm_0tpbl~p._.js:10988
[  353169ms] [ERROR] ./src/components/ui/button.tsx:2:1
Module not found: Can't resolve '@radix-ui/react-slot'
  1 | import * as React from "react";
> 2 | import { Slot } from "@radix-ui/react-slot";
    | ^^^^^^^^^^^^^^^^^^^^^^^^^^^^^^^^^^^^^^^^^^^^
  3 | import { cva, type VariantProps } from "class-variance-authority";
  4 |
  5 | import { cn } from "@/lib/utils";

Import traces:
  #1 [Client Component Browser]:
    ./src/components/ui/button.tsx [Client Component Browser]
    ./src/components/layout/dashboard-sidebar.tsx [Client Component Browser]
    ./src/components/layout/dashboard-sidebar.tsx [Server Component]
    ./src/app/[locale]/(dashboard)/layout.tsx [Server Component]

  #2 [Client Component SSR]:
    ./src/components/ui/button.tsx [Client Component SSR]
    ./src/components/layout/dashboard-sidebar.tsx [Client Component SSR]
    ./src/components/layout/dashboard-sidebar.tsx [Server Component]
    ./src/app/[locale]/(dashboard)/layout.tsx [Server Component]

  #3 [Client Component Browser]:
    ./src/components/ui/button.tsx [Client Component Browser]
    ./src/features/upload/components/panel/sources-panel.tsx [Client Component Browser]
    ./src/app/[locale]/(dashboard)/study/_components/study-workspace.tsx [Client Component Browser]
    ./src/app/[locale]/(dashboard)/study/_components/study-workspace.tsx [Server Component]
    ./src/app/[locale]/(dashboard)/study/page.tsx [Server Component]

  #4 [Client Component SSR]:
    ./src/components/ui/button.tsx [Client Component SSR]
    ./src/features/upload/components/panel/sources-panel.tsx [Client Component SSR]
    ./src/app/[locale]/(dashboard)/study/_components/study-workspace.tsx [Client Component SSR]
    ./src/app/[locale]/(dashboard)/study/_components/study-workspace.tsx [Server Component]
    ./src/app/[locale]/(dashboard)/study/page.tsx [Server Component]

https://nextjs.org/docs/messages/module-not-found @ http://localhost:3000/_next/static/chunks/0df7_%40sentry_core_build_esm_0tpbl~p._.js:10988
[  353548ms] [LOG] [Fast Refresh] rebuilding @ http://localhost:3000/_next/static/chunks/0df7_%40sentry_core_build_esm_0tpbl~p._.js:10988
[  353666ms] [ERROR] ./src/components/ui/button.tsx:2:1
Module not found: Can't resolve '@radix-ui/react-slot'
  1 | import * as React from "react";
> 2 | import { Slot } from "@radix-ui/react-slot";
    | ^^^^^^^^^^^^^^^^^^^^^^^^^^^^^^^^^^^^^^^^^^^^
  3 | import { cva, type VariantProps } from "class-variance-authority";
  4 |
  5 | import { cn } from "@/lib/utils";

Import traces:
  #1 [Client Component Browser]:
    ./src/components/ui/button.tsx [Client Component Browser]
    ./src/components/layout/dashboard-sidebar.tsx [Client Component Browser]
    ./src/components/layout/dashboard-sidebar.tsx [Server Component]
    ./src/app/[locale]/(dashboard)/layout.tsx [Server Component]

  #2 [Client Component SSR]:
    ./src/components/ui/button.tsx [Client Component SSR]
    ./src/components/layout/dashboard-sidebar.tsx [Client Component SSR]
    ./src/components/layout/dashboard-sidebar.tsx [Server Component]
    ./src/app/[locale]/(dashboard)/layout.tsx [Server Component]

  #3 [Client Component Browser]:
    ./src/components/ui/button.tsx [Client Component Browser]
    ./src/features/upload/components/panel/sources-panel.tsx [Client Component Browser]
    ./src/app/[locale]/(dashboard)/study/_components/study-workspace.tsx [Client Component Browser]
    ./src/app/[locale]/(dashboard)/study/_components/study-workspace.tsx [Server Component]
    ./src/app/[locale]/(dashboard)/study/page.tsx [Server Component]

  #4 [Client Component SSR]:
    ./src/components/ui/button.tsx [Client Component SSR]
    ./src/features/upload/components/panel/sources-panel.tsx [Client Component SSR]
    ./src/app/[locale]/(dashboard)/study/_components/study-workspace.tsx [Client Component SSR]
    ./src/app/[locale]/(dashboard)/study/_components/study-workspace.tsx [Server Component]
    ./src/app/[locale]/(dashboard)/study/page.tsx [Server Component]

https://nextjs.org/docs/messages/module-not-found @ http://localhost:3000/_next/static/chunks/0df7_%40sentry_core_build_esm_0tpbl~p._.js:10988
[  353771ms] [LOG] [Fast Refresh] rebuilding @ http://localhost:3000/_next/static/chunks/0df7_%40sentry_core_build_esm_0tpbl~p._.js:10988
[  353825ms] [ERROR] ./src/components/ui/button.tsx:2:1
Module not found: Can't resolve '@radix-ui/react-slot'
  1 | import * as React from "react";
> 2 | import { Slot } from "@radix-ui/react-slot";
    | ^^^^^^^^^^^^^^^^^^^^^^^^^^^^^^^^^^^^^^^^^^^^
  3 | import { cva, type VariantProps } from "class-variance-authority";
  4 |
  5 | import { cn } from "@/lib/utils";

Import traces:
  #1 [Client Component Browser]:
    ./src/components/ui/button.tsx [Client Component Browser]
    ./src/components/layout/dashboard-sidebar.tsx [Client Component Browser]
    ./src/components/layout/dashboard-sidebar.tsx [Server Component]
    ./src/app/[locale]/(dashboard)/layout.tsx [Server Component]

  #2 [Client Component SSR]:
    ./src/components/ui/button.tsx [Client Component SSR]
    ./src/components/layout/dashboard-sidebar.tsx [Client Component SSR]
    ./src/components/layout/dashboard-sidebar.tsx [Server Component]
    ./src/app/[locale]/(dashboard)/layout.tsx [Server Component]

  #3 [Client Component Browser]:
    ./src/components/ui/button.tsx [Client Component Browser]
    ./src/features/upload/components/panel/sources-panel.tsx [Client Component Browser]
    ./src/app/[locale]/(dashboard)/study/_components/study-workspace.tsx [Client Component Browser]
    ./src/app/[locale]/(dashboard)/study/_components/study-workspace.tsx [Server Component]
    ./src/app/[locale]/(dashboard)/study/page.tsx [Server Component]

  #4 [Client Component SSR]:
    ./src/components/ui/button.tsx [Client Component SSR]
    ./src/features/upload/components/panel/sources-panel.tsx [Client Component SSR]
    ./src/app/[locale]/(dashboard)/study/_components/study-workspace.tsx [Client Component SSR]
    ./src/app/[locale]/(dashboard)/study/_components/study-workspace.tsx [Server Component]
    ./src/app/[locale]/(dashboard)/study/page.tsx [Server Component]

https://nextjs.org/docs/messages/module-not-found @ http://localhost:3000/_next/static/chunks/0df7_%40sentry_core_build_esm_0tpbl~p._.js:10988
[  353922ms] [LOG] [Fast Refresh] rebuilding @ http://localhost:3000/_next/static/chunks/0df7_%40sentry_core_build_esm_0tpbl~p._.js:10988
[  353972ms] [ERROR] ./src/components/ui/button.tsx:2:1
Module not found: Can't resolve '@radix-ui/react-slot'
  1 | import * as React from "react";
> 2 | import { Slot } from "@radix-ui/react-slot";
    | ^^^^^^^^^^^^^^^^^^^^^^^^^^^^^^^^^^^^^^^^^^^^
  3 | import { cva, type VariantProps } from "class-variance-authority";
  4 |
  5 | import { cn } from "@/lib/utils";

Import traces:
  #1 [Client Component Browser]:
    ./src/components/ui/button.tsx [Client Component Browser]
    ./src/components/layout/dashboard-sidebar.tsx [Client Component Browser]
    ./src/components/layout/dashboard-sidebar.tsx [Server Component]
    ./src/app/[locale]/(dashboard)/layout.tsx [Server Component]

  #2 [Client Component SSR]:
    ./src/components/ui/button.tsx [Client Component SSR]
    ./src/components/layout/dashboard-sidebar.tsx [Client Component SSR]
    ./src/components/layout/dashboard-sidebar.tsx [Server Component]
    ./src/app/[locale]/(dashboard)/layout.tsx [Server Component]

  #3 [Client Component Browser]:
    ./src/components/ui/button.tsx [Client Component Browser]
    ./src/features/upload/components/panel/sources-panel.tsx [Client Component Browser]
    ./src/app/[locale]/(dashboard)/study/_components/study-workspace.tsx [Client Component Browser]
    ./src/app/[locale]/(dashboard)/study/_components/study-workspace.tsx [Server Component]
    ./src/app/[locale]/(dashboard)/study/page.tsx [Server Component]

  #4 [Client Component SSR]:
    ./src/components/ui/button.tsx [Client Component SSR]
    ./src/features/upload/components/panel/sources-panel.tsx [Client Component SSR]
    ./src/app/[locale]/(dashboard)/study/_components/study-workspace.tsx [Client Component SSR]
    ./src/app/[locale]/(dashboard)/study/_components/study-workspace.tsx [Server Component]
    ./src/app/[locale]/(dashboard)/study/page.tsx [Server Component]

https://nextjs.org/docs/messages/module-not-found @ http://localhost:3000/_next/static/chunks/0df7_%40sentry_core_build_esm_0tpbl~p._.js:10988
[  354090ms] [LOG] [Fast Refresh] rebuilding @ http://localhost:3000/_next/static/chunks/0df7_%40sentry_core_build_esm_0tpbl~p._.js:10988
[  354189ms] [ERROR] ./src/components/ui/button.tsx:2:1
Module not found: Can't resolve '@radix-ui/react-slot'
  1 | import * as React from "react";
> 2 | import { Slot } from "@radix-ui/react-slot";
    | ^^^^^^^^^^^^^^^^^^^^^^^^^^^^^^^^^^^^^^^^^^^^
  3 | import { cva, type VariantProps } from "class-variance-authority";
  4 |
  5 | import { cn } from "@/lib/utils";

Import traces:
  #1 [Client Component Browser]:
    ./src/components/ui/button.tsx [Client Component Browser]
    ./src/components/layout/dashboard-sidebar.tsx [Client Component Browser]
    ./src/components/layout/dashboard-sidebar.tsx [Server Component]
    ./src/app/[locale]/(dashboard)/layout.tsx [Server Component]

  #2 [Client Component SSR]:
    ./src/components/ui/button.tsx [Client Component SSR]
    ./src/components/layout/dashboard-sidebar.tsx [Client Component SSR]
    ./src/components/layout/dashboard-sidebar.tsx [Server Component]
    ./src/app/[locale]/(dashboard)/layout.tsx [Server Component]

  #3 [Client Component Browser]:
    ./src/components/ui/button.tsx [Client Component Browser]
    ./src/features/upload/components/panel/sources-panel.tsx [Client Component Browser]
    ./src/app/[locale]/(dashboard)/study/_components/study-workspace.tsx [Client Component Browser]
    ./src/app/[locale]/(dashboard)/study/_components/study-workspace.tsx [Server Component]
    ./src/app/[locale]/(dashboard)/study/page.tsx [Server Component]

  #4 [Client Component SSR]:
    ./src/components/ui/button.tsx [Client Component SSR]
    ./src/features/upload/components/panel/sources-panel.tsx [Client Component SSR]
    ./src/app/[locale]/(dashboard)/study/_components/study-workspace.tsx [Client Component SSR]
    ./src/app/[locale]/(dashboard)/study/_components/study-workspace.tsx [Server Component]
    ./src/app/[locale]/(dashboard)/study/page.tsx [Server Component]

https://nextjs.org/docs/messages/module-not-found @ http://localhost:3000/_next/static/chunks/0df7_%40sentry_core_build_esm_0tpbl~p._.js:10988
[  354192ms] [ERROR] ./src/components/ui/button.tsx:2:1
Module not found: Can't resolve '@radix-ui/react-slot'
  1 | import * as React from "react";
> 2 | import { Slot } from "@radix-ui/react-slot";
    | ^^^^^^^^^^^^^^^^^^^^^^^^^^^^^^^^^^^^^^^^^^^^
  3 | import { cva, type VariantProps } from "class-variance-authority";
  4 |
  5 | import { cn } from "@/lib/utils";

Import traces:
  #1 [Client Component Browser]:
    ./src/components/ui/button.tsx [Client Component Browser]
    ./src/components/layout/dashboard-sidebar.tsx [Client Component Browser]
    ./src/components/layout/dashboard-sidebar.tsx [Server Component]
    ./src/app/[locale]/(dashboard)/layout.tsx [Server Component]

  #2 [Client Component SSR]:
    ./src/components/ui/button.tsx [Client Component SSR]
    ./src/components/layout/dashboard-sidebar.tsx [Client Component SSR]
    ./src/components/layout/dashboard-sidebar.tsx [Server Component]
    ./src/app/[locale]/(dashboard)/layout.tsx [Server Component]

  #3 [Client Component Browser]:
    ./src/components/ui/button.tsx [Client Component Browser]
    ./src/features/upload/components/panel/sources-panel.tsx [Client Component Browser]
    ./src/app/[locale]/(dashboard)/study/_components/study-workspace.tsx [Client Component Browser]
    ./src/app/[locale]/(dashboard)/study/_components/study-workspace.tsx [Server Component]
    ./src/app/[locale]/(dashboard)/study/page.tsx [Server Component]

  #4 [Client Component SSR]:
    ./src/components/ui/button.tsx [Client Component SSR]
    ./src/features/upload/components/panel/sources-panel.tsx [Client Component SSR]
    ./src/app/[locale]/(dashboard)/study/_components/study-workspace.tsx [Client Component SSR]
    ./src/app/[locale]/(dashboard)/study/_components/study-workspace.tsx [Server Component]
    ./src/app/[locale]/(dashboard)/study/page.tsx [Server Component]

https://nextjs.org/docs/messages/module-not-found @ http://localhost:3000/_next/static/chunks/0df7_%40sentry_core_build_esm_0tpbl~p._.js:10988
[  354291ms] [LOG] [Fast Refresh] rebuilding @ http://localhost:3000/_next/static/chunks/0df7_%40sentry_core_build_esm_0tpbl~p._.js:10988
[  354408ms] [ERROR] ./src/components/ui/button.tsx:2:1
Module not found: Can't resolve '@radix-ui/react-slot'
  1 | import * as React from "react";
> 2 | import { Slot } from "@radix-ui/react-slot";
    | ^^^^^^^^^^^^^^^^^^^^^^^^^^^^^^^^^^^^^^^^^^^^
  3 | import { cva, type VariantProps } from "class-variance-authority";
  4 |
  5 | import { cn } from "@/lib/utils";

Import traces:
  #1 [Client Component Browser]:
    ./src/components/ui/button.tsx [Client Component Browser]
    ./src/components/layout/dashboard-sidebar.tsx [Client Component Browser]
    ./src/components/layout/dashboard-sidebar.tsx [Server Component]
    ./src/app/[locale]/(dashboard)/layout.tsx [Server Component]

  #2 [Client Component SSR]:
    ./src/components/ui/button.tsx [Client Component SSR]
    ./src/components/layout/dashboard-sidebar.tsx [Client Component SSR]
    ./src/components/layout/dashboard-sidebar.tsx [Server Component]
    ./src/app/[locale]/(dashboard)/layout.tsx [Server Component]

  #3 [Client Component Browser]:
    ./src/components/ui/button.tsx [Client Component Browser]
    ./src/features/upload/components/panel/sources-panel.tsx [Client Component Browser]
    ./src/app/[locale]/(dashboard)/study/_components/study-workspace.tsx [Client Component Browser]
    ./src/app/[locale]/(dashboard)/study/_components/study-workspace.tsx [Server Component]
    ./src/app/[locale]/(dashboard)/study/page.tsx [Server Component]

  #4 [Client Component SSR]:
    ./src/components/ui/button.tsx [Client Component SSR]
    ./src/features/upload/components/panel/sources-panel.tsx [Client Component SSR]
    ./src/app/[locale]/(dashboard)/study/_components/study-workspace.tsx [Client Component SSR]
    ./src/app/[locale]/(dashboard)/study/_components/study-workspace.tsx [Server Component]
    ./src/app/[locale]/(dashboard)/study/page.tsx [Server Component]

https://nextjs.org/docs/messages/module-not-found @ http://localhost:3000/_next/static/chunks/0df7_%40sentry_core_build_esm_0tpbl~p._.js:10988
[  354513ms] [LOG] [Fast Refresh] rebuilding @ http://localhost:3000/_next/static/chunks/0df7_%40sentry_core_build_esm_0tpbl~p._.js:10988
[  354620ms] [ERROR] ./src/components/ui/button.tsx:2:1
Module not found: Can't resolve '@radix-ui/react-slot'
  1 | import * as React from "react";
> 2 | import { Slot } from "@radix-ui/react-slot";
    | ^^^^^^^^^^^^^^^^^^^^^^^^^^^^^^^^^^^^^^^^^^^^
  3 | import { cva, type VariantProps } from "class-variance-authority";
  4 |
  5 | import { cn } from "@/lib/utils";

Import traces:
  #1 [Client Component Browser]:
    ./src/components/ui/button.tsx [Client Component Browser]
    ./src/components/layout/dashboard-sidebar.tsx [Client Component Browser]
    ./src/components/layout/dashboard-sidebar.tsx [Server Component]
    ./src/app/[locale]/(dashboard)/layout.tsx [Server Component]

  #2 [Client Component SSR]:
    ./src/components/ui/button.tsx [Client Component SSR]
    ./src/components/layout/dashboard-sidebar.tsx [Client Component SSR]
    ./src/components/layout/dashboard-sidebar.tsx [Server Component]
    ./src/app/[locale]/(dashboard)/layout.tsx [Server Component]

  #3 [Client Component Browser]:
    ./src/components/ui/button.tsx [Client Component Browser]
    ./src/features/upload/components/panel/sources-panel.tsx [Client Component Browser]
    ./src/app/[locale]/(dashboard)/study/_components/study-workspace.tsx [Client Component Browser]
    ./src/app/[locale]/(dashboard)/study/_components/study-workspace.tsx [Server Component]
    ./src/app/[locale]/(dashboard)/study/page.tsx [Server Component]

  #4 [Client Component SSR]:
    ./src/components/ui/button.tsx [Client Component SSR]
    ./src/features/upload/components/panel/sources-panel.tsx [Client Component SSR]
    ./src/app/[locale]/(dashboard)/study/_components/study-workspace.tsx [Client Component SSR]
    ./src/app/[locale]/(dashboard)/study/_components/study-workspace.tsx [Server Component]
    ./src/app/[locale]/(dashboard)/study/page.tsx [Server Component]

https://nextjs.org/docs/messages/module-not-found @ http://localhost:3000/_next/static/chunks/0df7_%40sentry_core_build_esm_0tpbl~p._.js:10988
[  354680ms] [LOG] [Fast Refresh] rebuilding @ http://localhost:3000/_next/static/chunks/0df7_%40sentry_core_build_esm_0tpbl~p._.js:10988
[  355465ms] [ERROR] ./src/components/ui/button.tsx:2:1
Module not found: Can't resolve '@radix-ui/react-slot'
  1 | import * as React from "react";
> 2 | import { Slot } from "@radix-ui/react-slot";
    | ^^^^^^^^^^^^^^^^^^^^^^^^^^^^^^^^^^^^^^^^^^^^
  3 | import { cva, type VariantProps } from "class-variance-authority";
  4 |
  5 | import { cn } from "@/lib/utils";

Import traces:
  #1 [Client Component Browser]:
    ./src/components/ui/button.tsx [Client Component Browser]
    ./src/components/layout/dashboard-sidebar.tsx [Client Component Browser]
    ./src/components/layout/dashboard-sidebar.tsx [Server Component]
    ./src/app/[locale]/(dashboard)/layout.tsx [Server Component]

  #2 [Client Component SSR]:
    ./src/components/ui/button.tsx [Client Component SSR]
    ./src/components/layout/dashboard-sidebar.tsx [Client Component SSR]
    ./src/components/layout/dashboard-sidebar.tsx [Server Component]
    ./src/app/[locale]/(dashboard)/layout.tsx [Server Component]

  #3 [Client Component Browser]:
    ./src/components/ui/button.tsx [Client Component Browser]
    ./src/features/upload/components/panel/sources-panel.tsx [Client Component Browser]
    ./src/app/[locale]/(dashboard)/study/_components/study-workspace.tsx [Client Component Browser]
    ./src/app/[locale]/(dashboard)/study/_components/study-workspace.tsx [Server Component]
    ./src/app/[locale]/(dashboard)/study/page.tsx [Server Component]

  #4 [Client Component SSR]:
    ./src/components/ui/button.tsx [Client Component SSR]
    ./src/features/upload/components/panel/sources-panel.tsx [Client Component SSR]
    ./src/app/[locale]/(dashboard)/study/_components/study-workspace.tsx [Client Component SSR]
    ./src/app/[locale]/(dashboard)/study/_components/study-workspace.tsx [Server Component]
    ./src/app/[locale]/(dashboard)/study/page.tsx [Server Component]

https://nextjs.org/docs/messages/module-not-found @ http://localhost:3000/_next/static/chunks/0df7_%40sentry_core_build_esm_0tpbl~p._.js:10988
[  355566ms] [LOG] [Fast Refresh] rebuilding @ http://localhost:3000/_next/static/chunks/0df7_%40sentry_core_build_esm_0tpbl~p._.js:10988
[  355699ms] [ERROR] ./src/components/ui/button.tsx:2:1
Module not found: Can't resolve '@radix-ui/react-slot'
  1 | import * as React from "react";
> 2 | import { Slot } from "@radix-ui/react-slot";
    | ^^^^^^^^^^^^^^^^^^^^^^^^^^^^^^^^^^^^^^^^^^^^
  3 | import { cva, type VariantProps } from "class-variance-authority";
  4 |
  5 | import { cn } from "@/lib/utils";

Import traces:
  #1 [Client Component Browser]:
    ./src/components/ui/button.tsx [Client Component Browser]
    ./src/components/layout/dashboard-sidebar.tsx [Client Component Browser]
    ./src/components/layout/dashboard-sidebar.tsx [Server Component]
    ./src/app/[locale]/(dashboard)/layout.tsx [Server Component]

  #2 [Client Component SSR]:
    ./src/components/ui/button.tsx [Client Component SSR]
    ./src/components/layout/dashboard-sidebar.tsx [Client Component SSR]
    ./src/components/layout/dashboard-sidebar.tsx [Server Component]
    ./src/app/[locale]/(dashboard)/layout.tsx [Server Component]

  #3 [Client Component Browser]:
    ./src/components/ui/button.tsx [Client Component Browser]
    ./src/features/upload/components/panel/sources-panel.tsx [Client Component Browser]
    ./src/app/[locale]/(dashboard)/study/_components/study-workspace.tsx [Client Component Browser]
    ./src/app/[locale]/(dashboard)/study/_components/study-workspace.tsx [Server Component]
    ./src/app/[locale]/(dashboard)/study/page.tsx [Server Component]

  #4 [Client Component SSR]:
    ./src/components/ui/button.tsx [Client Component SSR]
    ./src/features/upload/components/panel/sources-panel.tsx [Client Component SSR]
    ./src/app/[locale]/(dashboard)/study/_components/study-workspace.tsx [Client Component SSR]
    ./src/app/[locale]/(dashboard)/study/_components/study-workspace.tsx [Server Component]
    ./src/app/[locale]/(dashboard)/study/page.tsx [Server Component]

https://nextjs.org/docs/messages/module-not-found @ http://localhost:3000/_next/static/chunks/0df7_%40sentry_core_build_esm_0tpbl~p._.js:10988
[  356158ms] [ERROR] ./src/components/ui/button.tsx:2:1
Module not found: Can't resolve '@radix-ui/react-slot'
  1 | import * as React from "react";
> 2 | import { Slot } from "@radix-ui/react-slot";
    | ^^^^^^^^^^^^^^^^^^^^^^^^^^^^^^^^^^^^^^^^^^^^
  3 | import { cva, type VariantProps } from "class-variance-authority";
  4 |
  5 | import { cn } from "@/lib/utils";

Import traces:
  #1 [Client Component Browser]:
    ./src/components/ui/button.tsx [Client Component Browser]
    ./src/components/layout/dashboard-sidebar.tsx [Client Component Browser]
    ./src/components/layout/dashboard-sidebar.tsx [Server Component]
    ./src/app/[locale]/(dashboard)/layout.tsx [Server Component]

  #2 [Client Component SSR]:
    ./src/components/ui/button.tsx [Client Component SSR]
    ./src/components/layout/dashboard-sidebar.tsx [Client Component SSR]
    ./src/components/layout/dashboard-sidebar.tsx [Server Component]
    ./src/app/[locale]/(dashboard)/layout.tsx [Server Component]

  #3 [Client Component Browser]:
    ./src/components/ui/button.tsx [Client Component Browser]
    ./src/features/upload/components/panel/sources-panel.tsx [Client Component Browser]
    ./src/app/[locale]/(dashboard)/study/_components/study-workspace.tsx [Client Component Browser]
    ./src/app/[locale]/(dashboard)/study/_components/study-workspace.tsx [Server Component]
    ./src/app/[locale]/(dashboard)/study/page.tsx [Server Component]

  #4 [Client Component SSR]:
    ./src/components/ui/button.tsx [Client Component SSR]
    ./src/features/upload/components/panel/sources-panel.tsx [Client Component SSR]
    ./src/app/[locale]/(dashboard)/study/_components/study-workspace.tsx [Client Component SSR]
    ./src/app/[locale]/(dashboard)/study/_components/study-workspace.tsx [Server Component]
    ./src/app/[locale]/(dashboard)/study/page.tsx [Server Component]

https://nextjs.org/docs/messages/module-not-found @ http://localhost:3000/_next/static/chunks/0df7_%40sentry_core_build_esm_0tpbl~p._.js:10988
[  356195ms] [LOG] [Fast Refresh] rebuilding @ http://localhost:3000/_next/static/chunks/0df7_%40sentry_core_build_esm_0tpbl~p._.js:10988
[  356368ms] [ERROR] ./src/components/ui/button.tsx:2:1
Module not found: Can't resolve '@radix-ui/react-slot'
  1 | import * as React from "react";
> 2 | import { Slot } from "@radix-ui/react-slot";
    | ^^^^^^^^^^^^^^^^^^^^^^^^^^^^^^^^^^^^^^^^^^^^
  3 | import { cva, type VariantProps } from "class-variance-authority";
  4 |
  5 | import { cn } from "@/lib/utils";

Import traces:
  #1 [Client Component Browser]:
    ./src/components/ui/button.tsx [Client Component Browser]
    ./src/components/layout/dashboard-sidebar.tsx [Client Component Browser]
    ./src/components/layout/dashboard-sidebar.tsx [Server Component]
    ./src/app/[locale]/(dashboard)/layout.tsx [Server Component]

  #2 [Client Component SSR]:
    ./src/components/ui/button.tsx [Client Component SSR]
    ./src/components/layout/dashboard-sidebar.tsx [Client Component SSR]
    ./src/components/layout/dashboard-sidebar.tsx [Server Component]
    ./src/app/[locale]/(dashboard)/layout.tsx [Server Component]

  #3 [Client Component Browser]:
    ./src/components/ui/button.tsx [Client Component Browser]
    ./src/features/upload/components/panel/sources-panel.tsx [Client Component Browser]
    ./src/app/[locale]/(dashboard)/study/_components/study-workspace.tsx [Client Component Browser]
    ./src/app/[locale]/(dashboard)/study/_components/study-workspace.tsx [Server Component]
    ./src/app/[locale]/(dashboard)/study/page.tsx [Server Component]

  #4 [Client Component SSR]:
    ./src/components/ui/button.tsx [Client Component SSR]
    ./src/features/upload/components/panel/sources-panel.tsx [Client Component SSR]
    ./src/app/[locale]/(dashboard)/study/_components/study-workspace.tsx [Client Component SSR]
    ./src/app/[locale]/(dashboard)/study/_components/study-workspace.tsx [Server Component]
    ./src/app/[locale]/(dashboard)/study/page.tsx [Server Component]

https://nextjs.org/docs/messages/module-not-found @ http://localhost:3000/_next/static/chunks/0df7_%40sentry_core_build_esm_0tpbl~p._.js:10988
[  356412ms] [LOG] [Fast Refresh] rebuilding @ http://localhost:3000/_next/static/chunks/0df7_%40sentry_core_build_esm_0tpbl~p._.js:10988
[  356587ms] [ERROR] ./src/components/ui/button.tsx:2:1
Module not found: Can't resolve '@radix-ui/react-slot'
  1 | import * as React from "react";
> 2 | import { Slot } from "@radix-ui/react-slot";
    | ^^^^^^^^^^^^^^^^^^^^^^^^^^^^^^^^^^^^^^^^^^^^
  3 | import { cva, type VariantProps } from "class-variance-authority";
  4 |
  5 | import { cn } from "@/lib/utils";

Import traces:
  #1 [Client Component Browser]:
    ./src/components/ui/button.tsx [Client Component Browser]
    ./src/components/layout/dashboard-sidebar.tsx [Client Component Browser]
    ./src/components/layout/dashboard-sidebar.tsx [Server Component]
    ./src/app/[locale]/(dashboard)/layout.tsx [Server Component]

  #2 [Client Component SSR]:
    ./src/components/ui/button.tsx [Client Component SSR]
    ./src/components/layout/dashboard-sidebar.tsx [Client Component SSR]
    ./src/components/layout/dashboard-sidebar.tsx [Server Component]
    ./src/app/[locale]/(dashboard)/layout.tsx [Server Component]

  #3 [Client Component Browser]:
    ./src/components/ui/button.tsx [Client Component Browser]
    ./src/features/upload/components/panel/sources-panel.tsx [Client Component Browser]
    ./src/app/[locale]/(dashboard)/study/_components/study-workspace.tsx [Client Component Browser]
    ./src/app/[locale]/(dashboard)/study/_components/study-workspace.tsx [Server Component]
    ./src/app/[locale]/(dashboard)/study/page.tsx [Server Component]

  #4 [Client Component SSR]:
    ./src/components/ui/button.tsx [Client Component SSR]
    ./src/features/upload/components/panel/sources-panel.tsx [Client Component SSR]
    ./src/app/[locale]/(dashboard)/study/_components/study-workspace.tsx [Client Component SSR]
    ./src/app/[locale]/(dashboard)/study/_components/study-workspace.tsx [Server Component]
    ./src/app/[locale]/(dashboard)/study/page.tsx [Server Component]

https://nextjs.org/docs/messages/module-not-found @ http://localhost:3000/_next/static/chunks/0df7_%40sentry_core_build_esm_0tpbl~p._.js:10988
[  356602ms] [LOG] [Fast Refresh] rebuilding @ http://localhost:3000/_next/static/chunks/0df7_%40sentry_core_build_esm_0tpbl~p._.js:10988
[  357612ms] [ERROR] ./src/components/ui/button.tsx:2:1
Module not found: Can't resolve '@radix-ui/react-slot'
  1 | import * as React from "react";
> 2 | import { Slot } from "@radix-ui/react-slot";
    | ^^^^^^^^^^^^^^^^^^^^^^^^^^^^^^^^^^^^^^^^^^^^
  3 | import { cva, type VariantProps } from "class-variance-authority";
  4 |
  5 | import { cn } from "@/lib/utils";

Import traces:
  #1 [Client Component Browser]:
    ./src/components/ui/button.tsx [Client Component Browser]
    ./src/components/layout/dashboard-sidebar.tsx [Client Component Browser]
    ./src/components/layout/dashboard-sidebar.tsx [Server Component]
    ./src/app/[locale]/(dashboard)/layout.tsx [Server Component]

  #2 [Client Component SSR]:
    ./src/components/ui/button.tsx [Client Component SSR]
    ./src/components/layout/dashboard-sidebar.tsx [Client Component SSR]
    ./src/components/layout/dashboard-sidebar.tsx [Server Component]
    ./src/app/[locale]/(dashboard)/layout.tsx [Server Component]

  #3 [Client Component Browser]:
    ./src/components/ui/button.tsx [Client Component Browser]
    ./src/features/upload/components/panel/sources-panel.tsx [Client Component Browser]
    ./src/app/[locale]/(dashboard)/study/_components/study-workspace.tsx [Client Component Browser]
    ./src/app/[locale]/(dashboard)/study/_components/study-workspace.tsx [Server Component]
    ./src/app/[locale]/(dashboard)/study/page.tsx [Server Component]

  #4 [Client Component SSR]:
    ./src/components/ui/button.tsx [Client Component SSR]
    ./src/features/upload/components/panel/sources-panel.tsx [Client Component SSR]
    ./src/app/[locale]/(dashboard)/study/_components/study-workspace.tsx [Client Component SSR]
    ./src/app/[locale]/(dashboard)/study/_components/study-workspace.tsx [Server Component]
    ./src/app/[locale]/(dashboard)/study/page.tsx [Server Component]

https://nextjs.org/docs/messages/module-not-found @ http://localhost:3000/_next/static/chunks/0df7_%40sentry_core_build_esm_0tpbl~p._.js:10988
[  357760ms] [LOG] [Fast Refresh] rebuilding @ http://localhost:3000/_next/static/chunks/0df7_%40sentry_core_build_esm_0tpbl~p._.js:10988
[  357922ms] [ERROR] ./src/components/ui/button.tsx:2:1
Module not found: Can't resolve '@radix-ui/react-slot'
  1 | import * as React from "react";
> 2 | import { Slot } from "@radix-ui/react-slot";
    | ^^^^^^^^^^^^^^^^^^^^^^^^^^^^^^^^^^^^^^^^^^^^
  3 | import { cva, type VariantProps } from "class-variance-authority";
  4 |
  5 | import { cn } from "@/lib/utils";

Import traces:
  #1 [Client Component Browser]:
    ./src/components/ui/button.tsx [Client Component Browser]
    ./src/components/layout/dashboard-sidebar.tsx [Client Component Browser]
    ./src/components/layout/dashboard-sidebar.tsx [Server Component]
    ./src/app/[locale]/(dashboard)/layout.tsx [Server Component]

  #2 [Client Component SSR]:
    ./src/components/ui/button.tsx [Client Component SSR]
    ./src/components/layout/dashboard-sidebar.tsx [Client Component SSR]
    ./src/components/layout/dashboard-sidebar.tsx [Server Component]
    ./src/app/[locale]/(dashboard)/layout.tsx [Server Component]

  #3 [Client Component Browser]:
    ./src/components/ui/button.tsx [Client Component Browser]
    ./src/features/upload/components/panel/sources-panel.tsx [Client Component Browser]
    ./src/app/[locale]/(dashboard)/study/_components/study-workspace.tsx [Client Component Browser]
    ./src/app/[locale]/(dashboard)/study/_components/study-workspace.tsx [Server Component]
    ./src/app/[locale]/(dashboard)/study/page.tsx [Server Component]

  #4 [Client Component SSR]:
    ./src/components/ui/button.tsx [Client Component SSR]
    ./src/features/upload/components/panel/sources-panel.tsx [Client Component SSR]
    ./src/app/[locale]/(dashboard)/study/_components/study-workspace.tsx [Client Component SSR]
    ./src/app/[locale]/(dashboard)/study/_components/study-workspace.tsx [Server Component]
    ./src/app/[locale]/(dashboard)/study/page.tsx [Server Component]

https://nextjs.org/docs/messages/module-not-found @ http://localhost:3000/_next/static/chunks/0df7_%40sentry_core_build_esm_0tpbl~p._.js:10988
[  378957ms] [ERROR] ./src/components/ui/button.tsx:2:1
Module not found: Can't resolve '@radix-ui/react-slot'
  1 | import * as React from "react";
> 2 | import { Slot } from "@radix-ui/react-slot";
    | ^^^^^^^^^^^^^^^^^^^^^^^^^^^^^^^^^^^^^^^^^^^^
  3 | import { cva, type VariantProps } from "class-variance-authority";
  4 |
  5 | import { cn } from "@/lib/utils";

Import traces:
  #1 [Client Component Browser]:
    ./src/components/ui/button.tsx [Client Component Browser]
    ./src/components/layout/dashboard-sidebar.tsx [Client Component Browser]
    ./src/components/layout/dashboard-sidebar.tsx [Server Component]
    ./src/app/[locale]/(dashboard)/layout.tsx [Server Component]

  #2 [Client Component SSR]:
    ./src/components/ui/button.tsx [Client Component SSR]
    ./src/components/layout/dashboard-sidebar.tsx [Client Component SSR]
    ./src/components/layout/dashboard-sidebar.tsx [Server Component]
    ./src/app/[locale]/(dashboard)/layout.tsx [Server Component]

  #3 [Client Component Browser]:
    ./src/components/ui/button.tsx [Client Component Browser]
    ./src/features/upload/components/panel/sources-panel.tsx [Client Component Browser]
    ./src/app/[locale]/(dashboard)/study/_components/study-workspace.tsx [Client Component Browser]
    ./src/app/[locale]/(dashboard)/study/_components/study-workspace.tsx [Server Component]
    ./src/app/[locale]/(dashboard)/study/page.tsx [Server Component]

  #4 [Client Component SSR]:
    ./src/components/ui/button.tsx [Client Component SSR]
    ./src/features/upload/components/panel/sources-panel.tsx [Client Component SSR]
    ./src/app/[locale]/(dashboard)/study/_components/study-workspace.tsx [Client Component SSR]
    ./src/app/[locale]/(dashboard)/study/_components/study-workspace.tsx [Server Component]
    ./src/app/[locale]/(dashboard)/study/page.tsx [Server Component]

https://nextjs.org/docs/messages/module-not-found @ http://localhost:3000/_next/static/chunks/0df7_%40sentry_core_build_esm_0tpbl~p._.js:10988
[  379083ms] [LOG] [Fast Refresh] rebuilding @ http://localhost:3000/_next/static/chunks/0df7_%40sentry_core_build_esm_0tpbl~p._.js:10988
[  381446ms] Error: Internal Next.js error: Router action dispatched before initialization.
    at dispatchAppRouterAction (http://localhost:3000/_next/static/chunks/0b5f_next_dist_client_03ku85~._.js:2271:37)
    at http://localhost:3000/_next/static/chunks/0b5f_next_dist_client_03ku85~._.js:13024:61
    at startTransition (http://localhost:3000/_next/static/chunks/0b5f_next_dist_compiled_0dv9ie3._.js:1280:31)
    at Object.hmrRefresh (http://localhost:3000/_next/static/chunks/0b5f_next_dist_client_03ku85~._.js:13023:40)
    at http://localhost:3000/_next/static/chunks/0b5f_next_dist_client_03ku85~._.js:15191:64
    at startTransition (http://localhost:3000/_next/static/chunks/0b5f_next_dist_compiled_0dv9ie3._.js:1280:31)
    at processMessage (http://localhost:3000/_next/static/chunks/0b5f_next_dist_client_03ku85~._.js:15190:44)
    at WebSocket.handleMessage (http://localhost:3000/_next/static/chunks/0b5f_next_dist_client_03ku85~._.js:14559:52)
[  381522ms] Error: Internal Next.js error: Router action dispatched before initialization.
    at dispatchAppRouterAction (http://localhost:3000/_next/static/chunks/0b5f_next_dist_client_03ku85~._.js:2271:37)
    at http://localhost:3000/_next/static/chunks/0b5f_next_dist_client_03ku85~._.js:13024:61
    at startTransition (http://localhost:3000/_next/static/chunks/0b5f_next_dist_compiled_0dv9ie3._.js:1280:31)
    at Object.hmrRefresh (http://localhost:3000/_next/static/chunks/0b5f_next_dist_client_03ku85~._.js:13023:40)
    at http://localhost:3000/_next/static/chunks/0b5f_next_dist_client_03ku85~._.js:15191:64
    at startTransition (http://localhost:3000/_next/static/chunks/0b5f_next_dist_compiled_0dv9ie3._.js:1280:31)
    at processMessage (http://localhost:3000/_next/static/chunks/0b5f_next_dist_client_03ku85~._.js:15190:44)
    at WebSocket.handleMessage (http://localhost:3000/_next/static/chunks/0b5f_next_dist_client_03ku85~._.js:14559:52)
[  381541ms] Error: Internal Next.js error: Router action dispatched before initialization.
    at dispatchAppRouterAction (http://localhost:3000/_next/static/chunks/0b5f_next_dist_client_03ku85~._.js:2271:37)
    at http://localhost:3000/_next/static/chunks/0b5f_next_dist_client_03ku85~._.js:13024:61
    at startTransition (http://localhost:3000/_next/static/chunks/0b5f_next_dist_compiled_0dv9ie3._.js:1280:31)
    at Object.hmrRefresh (http://localhost:3000/_next/static/chunks/0b5f_next_dist_client_03ku85~._.js:13023:40)
    at http://localhost:3000/_next/static/chunks/0b5f_next_dist_client_03ku85~._.js:15191:64
    at startTransition (http://localhost:3000/_next/static/chunks/0b5f_next_dist_compiled_0dv9ie3._.js:1280:31)
    at processMessage (http://localhost:3000/_next/static/chunks/0b5f_next_dist_client_03ku85~._.js:15190:44)
    at WebSocket.handleMessage (http://localhost:3000/_next/static/chunks/0b5f_next_dist_client_03ku85~._.js:14559:52)
[  381543ms] Error: Internal Next.js error: Router action dispatched before initialization.
    at dispatchAppRouterAction (http://localhost:3000/_next/static/chunks/0b5f_next_dist_client_03ku85~._.js:2271:37)
    at http://localhost:3000/_next/static/chunks/0b5f_next_dist_client_03ku85~._.js:13024:61
    at startTransition (http://localhost:3000/_next/static/chunks/0b5f_next_dist_compiled_0dv9ie3._.js:1280:31)
    at Object.hmrRefresh (http://localhost:3000/_next/static/chunks/0b5f_next_dist_client_03ku85~._.js:13023:40)
    at http://localhost:3000/_next/static/chunks/0b5f_next_dist_client_03ku85~._.js:15191:64
    at startTransition (http://localhost:3000/_next/static/chunks/0b5f_next_dist_compiled_0dv9ie3._.js:1280:31)
    at processMessage (http://localhost:3000/_next/static/chunks/0b5f_next_dist_client_03ku85~._.js:15190:44)
    at WebSocket.handleMessage (http://localhost:3000/_next/static/chunks/0b5f_next_dist_client_03ku85~._.js:14559:52)
[  381545ms] Error: Internal Next.js error: Router action dispatched before initialization.
    at dispatchAppRouterAction (http://localhost:3000/_next/static/chunks/0b5f_next_dist_client_03ku85~._.js:2271:37)
    at http://localhost:3000/_next/static/chunks/0b5f_next_dist_client_03ku85~._.js:13024:61
    at startTransition (http://localhost:3000/_next/static/chunks/0b5f_next_dist_compiled_0dv9ie3._.js:1280:31)
    at Object.hmrRefresh (http://localhost:3000/_next/static/chunks/0b5f_next_dist_client_03ku85~._.js:13023:40)
    at http://localhost:3000/_next/static/chunks/0b5f_next_dist_client_03ku85~._.js:15191:64
    at startTransition (http://localhost:3000/_next/static/chunks/0b5f_next_dist_compiled_0dv9ie3._.js:1280:31)
    at processMessage (http://localhost:3000/_next/static/chunks/0b5f_next_dist_client_03ku85~._.js:15190:44)
    at WebSocket.handleMessage (http://localhost:3000/_next/static/chunks/0b5f_next_dist_client_03ku85~._.js:14559:52)
[  381855ms] [ERROR] ./src/components/ui/dialog.tsx:4:1
Module not found: Can't resolve '@radix-ui/react-dialog'
  2 |
  3 | import * as React from "react";
> 4 | import * as DialogPrimitive from "@radix-ui/react-dialog";
    | ^^^^^^^^^^^^^^^^^^^^^^^^^^^^^^^^^^^^^^^^^^^^^^^^^^^^^^^^^^
  5 |
  6 | import { cn } from "@/lib/utils";
  7 | import { Button } from "@/components/ui/button";

Import traces:
  Client Component Browser:
    ./src/components/ui/dialog.tsx [Client Component Browser]
    ./src/features/upload/components/model/upload-modal.tsx [Client Component Browser]
    ./src/app/[locale]/(dashboard)/study/_components/study-workspace.tsx [Client Component Browser]
    ./src/app/[locale]/(dashboard)/study/_components/study-workspace.tsx [Server Component]
    ./src/app/[locale]/(dashboard)/study/page.tsx [Server Component]

  Client Component SSR:
    ./src/components/ui/dialog.tsx [Client Component SSR]
    ./src/features/upload/components/model/upload-modal.tsx [Client Component SSR]
    ./src/app/[locale]/(dashboard)/study/_components/study-workspace.tsx [Client Component SSR]
    ./src/app/[locale]/(dashboard)/study/_components/study-workspace.tsx [Server Component]
    ./src/app/[locale]/(dashboard)/study/page.tsx [Server Component]

https://nextjs.org/docs/messages/module-not-found @ http://localhost:3000/_next/static/chunks/0df7_%40sentry_core_build_esm_0tpbl~p._.js:10988
[  381857ms] [ERROR] ./src/components/ui/button.tsx:2:1
Module not found: Can't resolve '@radix-ui/react-slot'
  1 | import * as React from "react";
> 2 | import { Slot } from "@radix-ui/react-slot";
    | ^^^^^^^^^^^^^^^^^^^^^^^^^^^^^^^^^^^^^^^^^^^^
  3 | import { cva, type VariantProps } from "class-variance-authority";
  4 |
  5 | import { cn } from "@/lib/utils";

Import traces:
  #1 [Client Component Browser]:
    ./src/components/ui/button.tsx [Client Component Browser]
    ./src/components/layout/dashboard-sidebar.tsx [Client Component Browser]
    ./src/components/layout/dashboard-sidebar.tsx [Server Component]
    ./src/app/[locale]/(dashboard)/layout.tsx [Server Component]

  #2 [Client Component SSR]:
    ./src/components/ui/button.tsx [Client Component SSR]
    ./src/components/layout/dashboard-sidebar.tsx [Client Component SSR]
    ./src/components/layout/dashboard-sidebar.tsx [Server Component]
    ./src/app/[locale]/(dashboard)/layout.tsx [Server Component]

  #3 [Client Component Browser]:
    ./src/components/ui/button.tsx [Client Component Browser]
    ./src/features/upload/components/panel/sources-panel.tsx [Client Component Browser]
    ./src/app/[locale]/(dashboard)/study/_components/study-workspace.tsx [Client Component Browser]
    ./src/app/[locale]/(dashboard)/study/_components/study-workspace.tsx [Server Component]
    ./src/app/[locale]/(dashboard)/study/page.tsx [Server Component]

  #4 [Client Component SSR]:
    ./src/components/ui/button.tsx [Client Component SSR]
    ./src/features/upload/components/panel/sources-panel.tsx [Client Component SSR]
    ./src/app/[locale]/(dashboard)/study/_components/study-workspace.tsx [Client Component SSR]
    ./src/app/[locale]/(dashboard)/study/_components/study-workspace.tsx [Server Component]
    ./src/app/[locale]/(dashboard)/study/page.tsx [Server Component]

https://nextjs.org/docs/messages/module-not-found @ http://localhost:3000/_next/static/chunks/0df7_%40sentry_core_build_esm_0tpbl~p._.js:10988
[  382083ms] [ERROR] ./src/components/ui/dialog.tsx:4:1
Module not found: Can't resolve '@radix-ui/react-dialog'
  2 |
  3 | import * as React from "react";
> 4 | import * as DialogPrimitive from "@radix-ui/react-dialog";
    | ^^^^^^^^^^^^^^^^^^^^^^^^^^^^^^^^^^^^^^^^^^^^^^^^^^^^^^^^^^
  5 |
  6 | import { cn } from "@/lib/utils";
  7 | import { Button } from "@/components/ui/button";

Import traces:
  Client Component Browser:
    ./src/components/ui/dialog.tsx [Client Component Browser]
    ./src/features/upload/components/model/upload-modal.tsx [Client Component Browser]
    ./src/app/[locale]/(dashboard)/study/_components/study-workspace.tsx [Client Component Browser]
    ./src/app/[locale]/(dashboard)/study/_components/study-workspace.tsx [Server Component]
    ./src/app/[locale]/(dashboard)/study/page.tsx [Server Component]

  Client Component SSR:
    ./src/components/ui/dialog.tsx [Client Component SSR]
    ./src/features/upload/components/model/upload-modal.tsx [Client Component SSR]
    ./src/app/[locale]/(dashboard)/study/_components/study-workspace.tsx [Client Component SSR]
    ./src/app/[locale]/(dashboard)/study/_components/study-workspace.tsx [Server Component]
    ./src/app/[locale]/(dashboard)/study/page.tsx [Server Component]

https://nextjs.org/docs/messages/module-not-found @ http://localhost:3000/_next/static/chunks/0df7_%40sentry_core_build_esm_0tpbl~p._.js:10988
[  382084ms] [ERROR] ./src/components/ui/button.tsx:2:1
Module not found: Can't resolve '@radix-ui/react-slot'
  1 | import * as React from "react";
> 2 | import { Slot } from "@radix-ui/react-slot";
    | ^^^^^^^^^^^^^^^^^^^^^^^^^^^^^^^^^^^^^^^^^^^^
  3 | import { cva, type VariantProps } from "class-variance-authority";
  4 |
  5 | import { cn } from "@/lib/utils";

Import traces:
  #1 [Client Component Browser]:
    ./src/components/ui/button.tsx [Client Component Browser]
    ./src/components/layout/dashboard-sidebar.tsx [Client Component Browser]
    ./src/components/layout/dashboard-sidebar.tsx [Server Component]
    ./src/app/[locale]/(dashboard)/layout.tsx [Server Component]

  #2 [Client Component SSR]:
    ./src/components/ui/button.tsx [Client Component SSR]
    ./src/components/layout/dashboard-sidebar.tsx [Client Component SSR]
    ./src/components/layout/dashboard-sidebar.tsx [Server Component]
    ./src/app/[locale]/(dashboard)/layout.tsx [Server Component]

  #3 [Client Component Browser]:
    ./src/components/ui/button.tsx [Client Component Browser]
    ./src/features/upload/components/panel/sources-panel.tsx [Client Component Browser]
    ./src/app/[locale]/(dashboard)/study/_components/study-workspace.tsx [Client Component Browser]
    ./src/app/[locale]/(dashboard)/study/_components/study-workspace.tsx [Server Component]
    ./src/app/[locale]/(dashboard)/study/page.tsx [Server Component]

  #4 [Client Component SSR]:
    ./src/components/ui/button.tsx [Client Component SSR]
    ./src/features/upload/components/panel/sources-panel.tsx [Client Component SSR]
    ./src/app/[locale]/(dashboard)/study/_components/study-workspace.tsx [Client Component SSR]
    ./src/app/[locale]/(dashboard)/study/_components/study-workspace.tsx [Server Component]
    ./src/app/[locale]/(dashboard)/study/page.tsx [Server Component]

https://nextjs.org/docs/messages/module-not-found @ http://localhost:3000/_next/static/chunks/0df7_%40sentry_core_build_esm_0tpbl~p._.js:10988
[  382190ms] [ERROR] ./src/components/ui/dialog.tsx:4:1
Module not found: Can't resolve '@radix-ui/react-dialog'
  2 |
  3 | import * as React from "react";
> 4 | import * as DialogPrimitive from "@radix-ui/react-dialog";
    | ^^^^^^^^^^^^^^^^^^^^^^^^^^^^^^^^^^^^^^^^^^^^^^^^^^^^^^^^^^
  5 |
  6 | import { cn } from "@/lib/utils";
  7 | import { Button } from "@/components/ui/button";

Import traces:
  Client Component Browser:
    ./src/components/ui/dialog.tsx [Client Component Browser]
    ./src/features/upload/components/model/upload-modal.tsx [Client Component Browser]
    ./src/app/[locale]/(dashboard)/study/_components/study-workspace.tsx [Client Component Browser]
    ./src/app/[locale]/(dashboard)/study/_components/study-workspace.tsx [Server Component]
    ./src/app/[locale]/(dashboard)/study/page.tsx [Server Component]

  Client Component SSR:
    ./src/components/ui/dialog.tsx [Client Component SSR]
    ./src/features/upload/components/model/upload-modal.tsx [Client Component SSR]
    ./src/app/[locale]/(dashboard)/study/_components/study-workspace.tsx [Client Component SSR]
    ./src/app/[locale]/(dashboard)/study/_components/study-workspace.tsx [Server Component]
    ./src/app/[locale]/(dashboard)/study/page.tsx [Server Component]

https://nextjs.org/docs/messages/module-not-found @ http://localhost:3000/_next/static/chunks/0df7_%40sentry_core_build_esm_0tpbl~p._.js:10988
[  382190ms] [ERROR] ./src/components/ui/button.tsx:2:1
Module not found: Can't resolve '@radix-ui/react-slot'
  1 | import * as React from "react";
> 2 | import { Slot } from "@radix-ui/react-slot";
    | ^^^^^^^^^^^^^^^^^^^^^^^^^^^^^^^^^^^^^^^^^^^^
  3 | import { cva, type VariantProps } from "class-variance-authority";
  4 |
  5 | import { cn } from "@/lib/utils";

Import traces:
  #1 [Client Component Browser]:
    ./src/components/ui/button.tsx [Client Component Browser]
    ./src/components/layout/dashboard-sidebar.tsx [Client Component Browser]
    ./src/components/layout/dashboard-sidebar.tsx [Server Component]
    ./src/app/[locale]/(dashboard)/layout.tsx [Server Component]

  #2 [Client Component SSR]:
    ./src/components/ui/button.tsx [Client Component SSR]
    ./src/components/layout/dashboard-sidebar.tsx [Client Component SSR]
    ./src/components/layout/dashboard-sidebar.tsx [Server Component]
    ./src/app/[locale]/(dashboard)/layout.tsx [Server Component]

  #3 [Client Component Browser]:
    ./src/components/ui/button.tsx [Client Component Browser]
    ./src/features/upload/components/panel/sources-panel.tsx [Client Component Browser]
    ./src/app/[locale]/(dashboard)/study/_components/study-workspace.tsx [Client Component Browser]
    ./src/app/[locale]/(dashboard)/study/_components/study-workspace.tsx [Server Component]
    ./src/app/[locale]/(dashboard)/study/page.tsx [Server Component]

  #4 [Client Component SSR]:
    ./src/components/ui/button.tsx [Client Component SSR]
    ./src/features/upload/components/panel/sources-panel.tsx [Client Component SSR]
    ./src/app/[locale]/(dashboard)/study/_components/study-workspace.tsx [Client Component SSR]
    ./src/app/[locale]/(dashboard)/study/_components/study-workspace.tsx [Server Component]
    ./src/app/[locale]/(dashboard)/study/page.tsx [Server Component]

https://nextjs.org/docs/messages/module-not-found @ http://localhost:3000/_next/static/chunks/0df7_%40sentry_core_build_esm_0tpbl~p._.js:10988
[  382219ms] [LOG] [Fast Refresh] rebuilding @ http://localhost:3000/_next/static/chunks/0df7_%40sentry_core_build_esm_0tpbl~p._.js:10988
[  382656ms] [ERROR] ./src/components/ui/dialog.tsx:4:1
Module not found: Can't resolve '@radix-ui/react-dialog'
  2 |
  3 | import * as React from "react";
> 4 | import * as DialogPrimitive from "@radix-ui/react-dialog";
    | ^^^^^^^^^^^^^^^^^^^^^^^^^^^^^^^^^^^^^^^^^^^^^^^^^^^^^^^^^^
  5 |
  6 | import { cn } from "@/lib/utils";
  7 | import { Button } from "@/components/ui/button";

Import traces:
  Client Component Browser:
    ./src/components/ui/dialog.tsx [Client Component Browser]
    ./src/features/upload/components/model/upload-modal.tsx [Client Component Browser]
    ./src/app/[locale]/(dashboard)/study/_components/study-workspace.tsx [Client Component Browser]
    ./src/app/[locale]/(dashboard)/study/_components/study-workspace.tsx [Server Component]
    ./src/app/[locale]/(dashboard)/study/page.tsx [Server Component]

  Client Component SSR:
    ./src/components/ui/dialog.tsx [Client Component SSR]
    ./src/features/upload/components/model/upload-modal.tsx [Client Component SSR]
    ./src/app/[locale]/(dashboard)/study/_components/study-workspace.tsx [Client Component SSR]
    ./src/app/[locale]/(dashboard)/study/_components/study-workspace.tsx [Server Component]
    ./src/app/[locale]/(dashboard)/study/page.tsx [Server Component]

https://nextjs.org/docs/messages/module-not-found @ http://localhost:3000/_next/static/chunks/0df7_%40sentry_core_build_esm_0tpbl~p._.js:10988
[  382657ms] [ERROR] ./src/components/ui/button.tsx:2:1
Module not found: Can't resolve '@radix-ui/react-slot'
  1 | import * as React from "react";
> 2 | import { Slot } from "@radix-ui/react-slot";
    | ^^^^^^^^^^^^^^^^^^^^^^^^^^^^^^^^^^^^^^^^^^^^
  3 | import { cva, type VariantProps } from "class-variance-authority";
  4 |
  5 | import { cn } from "@/lib/utils";

Import traces:
  #1 [Client Component Browser]:
    ./src/components/ui/button.tsx [Client Component Browser]
    ./src/components/layout/dashboard-sidebar.tsx [Client Component Browser]
    ./src/components/layout/dashboard-sidebar.tsx [Server Component]
    ./src/app/[locale]/(dashboard)/layout.tsx [Server Component]

  #2 [Client Component SSR]:
    ./src/components/ui/button.tsx [Client Component SSR]
    ./src/components/layout/dashboard-sidebar.tsx [Client Component SSR]
    ./src/components/layout/dashboard-sidebar.tsx [Server Component]
    ./src/app/[locale]/(dashboard)/layout.tsx [Server Component]

  #3 [Client Component Browser]:
    ./src/components/ui/button.tsx [Client Component Browser]
    ./src/features/upload/components/panel/sources-panel.tsx [Client Component Browser]
    ./src/app/[locale]/(dashboard)/study/_components/study-workspace.tsx [Client Component Browser]
    ./src/app/[locale]/(dashboard)/study/_components/study-workspace.tsx [Server Component]
    ./src/app/[locale]/(dashboard)/study/page.tsx [Server Component]

  #4 [Client Component SSR]:
    ./src/components/ui/button.tsx [Client Component SSR]
    ./src/features/upload/components/panel/sources-panel.tsx [Client Component SSR]
    ./src/app/[locale]/(dashboard)/study/_components/study-workspace.tsx [Client Component SSR]
    ./src/app/[locale]/(dashboard)/study/_components/study-workspace.tsx [Server Component]
    ./src/app/[locale]/(dashboard)/study/page.tsx [Server Component]

https://nextjs.org/docs/messages/module-not-found @ http://localhost:3000/_next/static/chunks/0df7_%40sentry_core_build_esm_0tpbl~p._.js:10988
[  382703ms] [ERROR] ./src/components/ui/dialog.tsx:4:1
Module not found: Can't resolve '@radix-ui/react-dialog'
  2 |
  3 | import * as React from "react";
> 4 | import * as DialogPrimitive from "@radix-ui/react-dialog";
    | ^^^^^^^^^^^^^^^^^^^^^^^^^^^^^^^^^^^^^^^^^^^^^^^^^^^^^^^^^^
  5 |
  6 | import { cn } from "@/lib/utils";
  7 | import { Button } from "@/components/ui/button";

Import traces:
  Client Component Browser:
    ./src/components/ui/dialog.tsx [Client Component Browser]
    ./src/features/upload/components/model/upload-modal.tsx [Client Component Browser]
    ./src/app/[locale]/(dashboard)/study/_components/study-workspace.tsx [Client Component Browser]
    ./src/app/[locale]/(dashboard)/study/_components/study-workspace.tsx [Server Component]
    ./src/app/[locale]/(dashboard)/study/page.tsx [Server Component]

  Client Component SSR:
    ./src/components/ui/dialog.tsx [Client Component SSR]
    ./src/features/upload/components/model/upload-modal.tsx [Client Component SSR]
    ./src/app/[locale]/(dashboard)/study/_components/study-workspace.tsx [Client Component SSR]
    ./src/app/[locale]/(dashboard)/study/_components/study-workspace.tsx [Server Component]
    ./src/app/[locale]/(dashboard)/study/page.tsx [Server Component]

https://nextjs.org/docs/messages/module-not-found @ http://localhost:3000/_next/static/chunks/0df7_%40sentry_core_build_esm_0tpbl~p._.js:10988
[  382703ms] [ERROR] ./src/components/ui/button.tsx:2:1
Module not found: Can't resolve '@radix-ui/react-slot'
  1 | import * as React from "react";
> 2 | import { Slot } from "@radix-ui/react-slot";
    | ^^^^^^^^^^^^^^^^^^^^^^^^^^^^^^^^^^^^^^^^^^^^
  3 | import { cva, type VariantProps } from "class-variance-authority";
  4 |
  5 | import { cn } from "@/lib/utils";

Import traces:
  #1 [Client Component Browser]:
    ./src/components/ui/button.tsx [Client Component Browser]
    ./src/components/layout/dashboard-sidebar.tsx [Client Component Browser]
    ./src/components/layout/dashboard-sidebar.tsx [Server Component]
    ./src/app/[locale]/(dashboard)/layout.tsx [Server Component]

  #2 [Client Component SSR]:
    ./src/components/ui/button.tsx [Client Component SSR]
    ./src/components/layout/dashboard-sidebar.tsx [Client Component SSR]
    ./src/components/layout/dashboard-sidebar.tsx [Server Component]
    ./src/app/[locale]/(dashboard)/layout.tsx [Server Component]

  #3 [Client Component Browser]:
    ./src/components/ui/button.tsx [Client Component Browser]
    ./src/features/upload/components/panel/sources-panel.tsx [Client Component Browser]
    ./src/app/[locale]/(dashboard)/study/_components/study-workspace.tsx [Client Component Browser]
    ./src/app/[locale]/(dashboard)/study/_components/study-workspace.tsx [Server Component]
    ./src/app/[locale]/(dashboard)/study/page.tsx [Server Component]

  #4 [Client Component SSR]:
    ./src/components/ui/button.tsx [Client Component SSR]
    ./src/features/upload/components/panel/sources-panel.tsx [Client Component SSR]
    ./src/app/[locale]/(dashboard)/study/_components/study-workspace.tsx [Client Component SSR]
    ./src/app/[locale]/(dashboard)/study/_components/study-workspace.tsx [Server Component]
    ./src/app/[locale]/(dashboard)/study/page.tsx [Server Component]

https://nextjs.org/docs/messages/module-not-found @ http://localhost:3000/_next/static/chunks/0df7_%40sentry_core_build_esm_0tpbl~p._.js:10988
[  382756ms] [ERROR] ./src/components/ui/dialog.tsx:4:1
Module not found: Can't resolve '@radix-ui/react-dialog'
  2 |
  3 | import * as React from "react";
> 4 | import * as DialogPrimitive from "@radix-ui/react-dialog";
    | ^^^^^^^^^^^^^^^^^^^^^^^^^^^^^^^^^^^^^^^^^^^^^^^^^^^^^^^^^^
  5 |
  6 | import { cn } from "@/lib/utils";
  7 | import { Button } from "@/components/ui/button";

Import traces:
  Client Component Browser:
    ./src/components/ui/dialog.tsx [Client Component Browser]
    ./src/features/upload/components/model/upload-modal.tsx [Client Component Browser]
    ./src/app/[locale]/(dashboard)/study/_components/study-workspace.tsx [Client Component Browser]
    ./src/app/[locale]/(dashboard)/study/_components/study-workspace.tsx [Server Component]
    ./src/app/[locale]/(dashboard)/study/page.tsx [Server Component]

  Client Component SSR:
    ./src/components/ui/dialog.tsx [Client Component SSR]
    ./src/features/upload/components/model/upload-modal.tsx [Client Component SSR]
    ./src/app/[locale]/(dashboard)/study/_components/study-workspace.tsx [Client Component SSR]
    ./src/app/[locale]/(dashboard)/study/_components/study-workspace.tsx [Server Component]
    ./src/app/[locale]/(dashboard)/study/page.tsx [Server Component]

https://nextjs.org/docs/messages/module-not-found @ http://localhost:3000/_next/static/chunks/0df7_%40sentry_core_build_esm_0tpbl~p._.js:10988
[  382757ms] [ERROR] ./src/components/ui/button.tsx:2:1
Module not found: Can't resolve '@radix-ui/react-slot'
  1 | import * as React from "react";
> 2 | import { Slot } from "@radix-ui/react-slot";
    | ^^^^^^^^^^^^^^^^^^^^^^^^^^^^^^^^^^^^^^^^^^^^
  3 | import { cva, type VariantProps } from "class-variance-authority";
  4 |
  5 | import { cn } from "@/lib/utils";

Import traces:
  #1 [Client Component Browser]:
    ./src/components/ui/button.tsx [Client Component Browser]
    ./src/components/layout/dashboard-sidebar.tsx [Client Component Browser]
    ./src/components/layout/dashboard-sidebar.tsx [Server Component]
    ./src/app/[locale]/(dashboard)/layout.tsx [Server Component]

  #2 [Client Component SSR]:
    ./src/components/ui/button.tsx [Client Component SSR]
    ./src/components/layout/dashboard-sidebar.tsx [Client Component SSR]
    ./src/components/layout/dashboard-sidebar.tsx [Server Component]
    ./src/app/[locale]/(dashboard)/layout.tsx [Server Component]

  #3 [Client Component Browser]:
    ./src/components/ui/button.tsx [Client Component Browser]
    ./src/features/upload/components/panel/sources-panel.tsx [Client Component Browser]
    ./src/app/[locale]/(dashboard)/study/_components/study-workspace.tsx [Client Component Browser]
    ./src/app/[locale]/(dashboard)/study/_components/study-workspace.tsx [Server Component]
    ./src/app/[locale]/(dashboard)/study/page.tsx [Server Component]

  #4 [Client Component SSR]:
    ./src/components/ui/button.tsx [Client Component SSR]
    ./src/features/upload/components/panel/sources-panel.tsx [Client Component SSR]
    ./src/app/[locale]/(dashboard)/study/_components/study-workspace.tsx [Client Component SSR]
    ./src/app/[locale]/(dashboard)/study/_components/study-workspace.tsx [Server Component]
    ./src/app/[locale]/(dashboard)/study/page.tsx [Server Component]

https://nextjs.org/docs/messages/module-not-found @ http://localhost:3000/_next/static/chunks/0df7_%40sentry_core_build_esm_0tpbl~p._.js:10988
[  382815ms] [LOG] [Fast Refresh] rebuilding @ http://localhost:3000/_next/static/chunks/0df7_%40sentry_core_build_esm_0tpbl~p._.js:10988
[  383350ms] [ERROR] ./src/components/ui/dialog.tsx:4:1
Module not found: Can't resolve '@radix-ui/react-dialog'
  2 |
  3 | import * as React from "react";
> 4 | import * as DialogPrimitive from "@radix-ui/react-dialog";
    | ^^^^^^^^^^^^^^^^^^^^^^^^^^^^^^^^^^^^^^^^^^^^^^^^^^^^^^^^^^
  5 |
  6 | import { cn } from "@/lib/utils";
  7 | import { Button } from "@/components/ui/button";

Import traces:
  Client Component Browser:
    ./src/components/ui/dialog.tsx [Client Component Browser]
    ./src/features/upload/components/model/upload-modal.tsx [Client Component Browser]
    ./src/app/[locale]/(dashboard)/study/_components/study-workspace.tsx [Client Component Browser]
    ./src/app/[locale]/(dashboard)/study/_components/study-workspace.tsx [Server Component]
    ./src/app/[locale]/(dashboard)/study/page.tsx [Server Component]

  Client Component SSR:
    ./src/components/ui/dialog.tsx [Client Component SSR]
    ./src/features/upload/components/model/upload-modal.tsx [Client Component SSR]
    ./src/app/[locale]/(dashboard)/study/_components/study-workspace.tsx [Client Component SSR]
    ./src/app/[locale]/(dashboard)/study/_components/study-workspace.tsx [Server Component]
    ./src/app/[locale]/(dashboard)/study/page.tsx [Server Component]

https://nextjs.org/docs/messages/module-not-found @ http://localhost:3000/_next/static/chunks/0df7_%40sentry_core_build_esm_0tpbl~p._.js:10988
[  383350ms] [ERROR] ./src/components/ui/button.tsx:2:1
Module not found: Can't resolve '@radix-ui/react-slot'
  1 | import * as React from "react";
> 2 | import { Slot } from "@radix-ui/react-slot";
    | ^^^^^^^^^^^^^^^^^^^^^^^^^^^^^^^^^^^^^^^^^^^^
  3 | import { cva, type VariantProps } from "class-variance-authority";
  4 |
  5 | import { cn } from "@/lib/utils";

Import traces:
  #1 [Client Component Browser]:
    ./src/components/ui/button.tsx [Client Component Browser]
    ./src/components/layout/dashboard-sidebar.tsx [Client Component Browser]
    ./src/components/layout/dashboard-sidebar.tsx [Server Component]
    ./src/app/[locale]/(dashboard)/layout.tsx [Server Component]

  #2 [Client Component SSR]:
    ./src/components/ui/button.tsx [Client Component SSR]
    ./src/components/layout/dashboard-sidebar.tsx [Client Component SSR]
    ./src/components/layout/dashboard-sidebar.tsx [Server Component]
    ./src/app/[locale]/(dashboard)/layout.tsx [Server Component]

  #3 [Client Component Browser]:
    ./src/components/ui/button.tsx [Client Component Browser]
    ./src/features/upload/components/panel/sources-panel.tsx [Client Component Browser]
    ./src/app/[locale]/(dashboard)/study/_components/study-workspace.tsx [Client Component Browser]
    ./src/app/[locale]/(dashboard)/study/_components/study-workspace.tsx [Server Component]
    ./src/app/[locale]/(dashboard)/study/page.tsx [Server Component]

  #4 [Client Component SSR]:
    ./src/components/ui/button.tsx [Client Component SSR]
    ./src/features/upload/components/panel/sources-panel.tsx [Client Component SSR]
    ./src/app/[locale]/(dashboard)/study/_components/study-workspace.tsx [Client Component SSR]
    ./src/app/[locale]/(dashboard)/study/_components/study-workspace.tsx [Server Component]
    ./src/app/[locale]/(dashboard)/study/page.tsx [Server Component]

https://nextjs.org/docs/messages/module-not-found @ http://localhost:3000/_next/static/chunks/0df7_%40sentry_core_build_esm_0tpbl~p._.js:10988
[  383406ms] [LOG] [Fast Refresh] rebuilding @ http://localhost:3000/_next/static/chunks/0df7_%40sentry_core_build_esm_0tpbl~p._.js:10988
[  383655ms] [ERROR] ./src/components/ui/dialog.tsx:4:1
Module not found: Can't resolve '@radix-ui/react-dialog'
  2 |
  3 | import * as React from "react";
> 4 | import * as DialogPrimitive from "@radix-ui/react-dialog";
    | ^^^^^^^^^^^^^^^^^^^^^^^^^^^^^^^^^^^^^^^^^^^^^^^^^^^^^^^^^^
  5 |
  6 | import { cn } from "@/lib/utils";
  7 | import { Button } from "@/components/ui/button";

Import traces:
  Client Component Browser:
    ./src/components/ui/dialog.tsx [Client Component Browser]
    ./src/features/upload/components/model/upload-modal.tsx [Client Component Browser]
    ./src/app/[locale]/(dashboard)/study/_components/study-workspace.tsx [Client Component Browser]
    ./src/app/[locale]/(dashboard)/study/_components/study-workspace.tsx [Server Component]
    ./src/app/[locale]/(dashboard)/study/page.tsx [Server Component]

  Client Component SSR:
    ./src/components/ui/dialog.tsx [Client Component SSR]
    ./src/features/upload/components/model/upload-modal.tsx [Client Component SSR]
    ./src/app/[locale]/(dashboard)/study/_components/study-workspace.tsx [Client Component SSR]
    ./src/app/[locale]/(dashboard)/study/_components/study-workspace.tsx [Server Component]
    ./src/app/[locale]/(dashboard)/study/page.tsx [Server Component]

https://nextjs.org/docs/messages/module-not-found @ http://localhost:3000/_next/static/chunks/0df7_%40sentry_core_build_esm_0tpbl~p._.js:10988
[  383656ms] [ERROR] ./src/components/ui/button.tsx:2:1
Module not found: Can't resolve '@radix-ui/react-slot'
  1 | import * as React from "react";
> 2 | import { Slot } from "@radix-ui/react-slot";
    | ^^^^^^^^^^^^^^^^^^^^^^^^^^^^^^^^^^^^^^^^^^^^
  3 | import { cva, type VariantProps } from "class-variance-authority";
  4 |
  5 | import { cn } from "@/lib/utils";

Import traces:
  #1 [Client Component Browser]:
    ./src/components/ui/button.tsx [Client Component Browser]
    ./src/components/layout/dashboard-sidebar.tsx [Client Component Browser]
    ./src/components/layout/dashboard-sidebar.tsx [Server Component]
    ./src/app/[locale]/(dashboard)/layout.tsx [Server Component]

  #2 [Client Component SSR]:
    ./src/components/ui/button.tsx [Client Component SSR]
    ./src/components/layout/dashboard-sidebar.tsx [Client Component SSR]
    ./src/components/layout/dashboard-sidebar.tsx [Server Component]
    ./src/app/[locale]/(dashboard)/layout.tsx [Server Component]

  #3 [Client Component Browser]:
    ./src/components/ui/button.tsx [Client Component Browser]
    ./src/features/upload/components/panel/sources-panel.tsx [Client Component Browser]
    ./src/app/[locale]/(dashboard)/study/_components/study-workspace.tsx [Client Component Browser]
    ./src/app/[locale]/(dashboard)/study/_components/study-workspace.tsx [Server Component]
    ./src/app/[locale]/(dashboard)/study/page.tsx [Server Component]

  #4 [Client Component SSR]:
    ./src/components/ui/button.tsx [Client Component SSR]
    ./src/features/upload/components/panel/sources-panel.tsx [Client Component SSR]
    ./src/app/[locale]/(dashboard)/study/_components/study-workspace.tsx [Client Component SSR]
    ./src/app/[locale]/(dashboard)/study/_components/study-workspace.tsx [Server Component]
    ./src/app/[locale]/(dashboard)/study/page.tsx [Server Component]

https://nextjs.org/docs/messages/module-not-found @ http://localhost:3000/_next/static/chunks/0df7_%40sentry_core_build_esm_0tpbl~p._.js:10988
[  383667ms] [LOG] [Fast Refresh] rebuilding @ http://localhost:3000/_next/static/chunks/0df7_%40sentry_core_build_esm_0tpbl~p._.js:10988
[  383703ms] [ERROR] ./src/components/ui/dialog.tsx:4:1
Module not found: Can't resolve '@radix-ui/react-dialog'
  2 |
  3 | import * as React from "react";
> 4 | import * as DialogPrimitive from "@radix-ui/react-dialog";
    | ^^^^^^^^^^^^^^^^^^^^^^^^^^^^^^^^^^^^^^^^^^^^^^^^^^^^^^^^^^
  5 |
  6 | import { cn } from "@/lib/utils";
  7 | import { Button } from "@/components/ui/button";

Import traces:
  Client Component Browser:
    ./src/components/ui/dialog.tsx [Client Component Browser]
    ./src/features/upload/components/model/upload-modal.tsx [Client Component Browser]
    ./src/app/[locale]/(dashboard)/study/_components/study-workspace.tsx [Client Component Browser]
    ./src/app/[locale]/(dashboard)/study/_components/study-workspace.tsx [Server Component]
    ./src/app/[locale]/(dashboard)/study/page.tsx [Server Component]

  Client Component SSR:
    ./src/components/ui/dialog.tsx [Client Component SSR]
    ./src/features/upload/components/model/upload-modal.tsx [Client Component SSR]
    ./src/app/[locale]/(dashboard)/study/_components/study-workspace.tsx [Client Component SSR]
    ./src/app/[locale]/(dashboard)/study/_components/study-workspace.tsx [Server Component]
    ./src/app/[locale]/(dashboard)/study/page.tsx [Server Component]

https://nextjs.org/docs/messages/module-not-found @ http://localhost:3000/_next/static/chunks/0df7_%40sentry_core_build_esm_0tpbl~p._.js:10988
[  383704ms] [ERROR] ./src/components/ui/button.tsx:2:1
Module not found: Can't resolve '@radix-ui/react-slot'
  1 | import * as React from "react";
> 2 | import { Slot } from "@radix-ui/react-slot";
    | ^^^^^^^^^^^^^^^^^^^^^^^^^^^^^^^^^^^^^^^^^^^^
  3 | import { cva, type VariantProps } from "class-variance-authority";
  4 |
  5 | import { cn } from "@/lib/utils";

Import traces:
  #1 [Client Component Browser]:
    ./src/components/ui/button.tsx [Client Component Browser]
    ./src/components/layout/dashboard-sidebar.tsx [Client Component Browser]
    ./src/components/layout/dashboard-sidebar.tsx [Server Component]
    ./src/app/[locale]/(dashboard)/layout.tsx [Server Component]

  #2 [Client Component SSR]:
    ./src/components/ui/button.tsx [Client Component SSR]
    ./src/components/layout/dashboard-sidebar.tsx [Client Component SSR]
    ./src/components/layout/dashboard-sidebar.tsx [Server Component]
    ./src/app/[locale]/(dashboard)/layout.tsx [Server Component]

  #3 [Client Component Browser]:
    ./src/components/ui/button.tsx [Client Component Browser]
    ./src/features/upload/components/panel/sources-panel.tsx [Client Component Browser]
    ./src/app/[locale]/(dashboard)/study/_components/study-workspace.tsx [Client Component Browser]
    ./src/app/[locale]/(dashboard)/study/_components/study-workspace.tsx [Server Component]
    ./src/app/[locale]/(dashboard)/study/page.tsx [Server Component]

  #4 [Client Component SSR]:
    ./src/components/ui/button.tsx [Client Component SSR]
    ./src/features/upload/components/panel/sources-panel.tsx [Client Component SSR]
    ./src/app/[locale]/(dashboard)/study/_components/study-workspace.tsx [Client Component SSR]
    ./src/app/[locale]/(dashboard)/study/_components/study-workspace.tsx [Server Component]
    ./src/app/[locale]/(dashboard)/study/page.tsx [Server Component]

https://nextjs.org/docs/messages/module-not-found @ http://localhost:3000/_next/static/chunks/0df7_%40sentry_core_build_esm_0tpbl~p._.js:10988
[  383774ms] [LOG] [Fast Refresh] rebuilding @ http://localhost:3000/_next/static/chunks/0df7_%40sentry_core_build_esm_0tpbl~p._.js:10988
[  411333ms] [LOG] [Fast Refresh] rebuilding @ http://localhost:3000/_next/static/chunks/0df7_%40sentry_core_build_esm_0tpbl~p._.js:10988
[  411489ms] [ERROR] ./src/components/ui/dialog.tsx:4:1
Module not found: Can't resolve '@radix-ui/react-dialog'
  2 |
  3 | import * as React from "react";
> 4 | import * as DialogPrimitive from "@radix-ui/react-dialog";
    | ^^^^^^^^^^^^^^^^^^^^^^^^^^^^^^^^^^^^^^^^^^^^^^^^^^^^^^^^^^
  5 |
  6 | import { cn } from "@/lib/utils";
  7 | import { Button } from "@/components/ui/button";

Import traces:
  Client Component Browser:
    ./src/components/ui/dialog.tsx [Client Component Browser]
    ./src/features/upload/components/model/upload-modal.tsx [Client Component Browser]
    ./src/app/[locale]/(dashboard)/study/_components/study-workspace.tsx [Client Component Browser]
    ./src/app/[locale]/(dashboard)/study/_components/study-workspace.tsx [Server Component]
    ./src/app/[locale]/(dashboard)/study/page.tsx [Server Component]

  Client Component SSR:
    ./src/components/ui/dialog.tsx [Client Component SSR]
    ./src/features/upload/components/model/upload-modal.tsx [Client Component SSR]
    ./src/app/[locale]/(dashboard)/study/_components/study-workspace.tsx [Client Component SSR]
    ./src/app/[locale]/(dashboard)/study/_components/study-workspace.tsx [Server Component]
    ./src/app/[locale]/(dashboard)/study/page.tsx [Server Component]

https://nextjs.org/docs/messages/module-not-found @ http://localhost:3000/_next/static/chunks/0df7_%40sentry_core_build_esm_0tpbl~p._.js:10988
[  411492ms] [ERROR] ./src/components/ui/button.tsx:2:1
Module not found: Can't resolve '@radix-ui/react-slot'
  1 | import * as React from "react";
> 2 | import { Slot } from "@radix-ui/react-slot";
    | ^^^^^^^^^^^^^^^^^^^^^^^^^^^^^^^^^^^^^^^^^^^^
  3 | import { cva, type VariantProps } from "class-variance-authority";
  4 |
  5 | import { cn } from "@/lib/utils";

Import traces:
  #1 [Client Component Browser]:
    ./src/components/ui/button.tsx [Client Component Browser]
    ./src/components/layout/dashboard-sidebar.tsx [Client Component Browser]
    ./src/components/layout/dashboard-sidebar.tsx [Server Component]
    ./src/app/[locale]/(dashboard)/layout.tsx [Server Component]

  #2 [Client Component SSR]:
    ./src/components/ui/button.tsx [Client Component SSR]
    ./src/components/layout/dashboard-sidebar.tsx [Client Component SSR]
    ./src/components/layout/dashboard-sidebar.tsx [Server Component]
    ./src/app/[locale]/(dashboard)/layout.tsx [Server Component]

  #3 [Client Component Browser]:
    ./src/components/ui/button.tsx [Client Component Browser]
    ./src/features/upload/components/panel/sources-panel.tsx [Client Component Browser]
    ./src/app/[locale]/(dashboard)/study/_components/study-workspace.tsx [Client Component Browser]
    ./src/app/[locale]/(dashboard)/study/_components/study-workspace.tsx [Server Component]
    ./src/app/[locale]/(dashboard)/study/page.tsx [Server Component]

  #4 [Client Component SSR]:
    ./src/components/ui/button.tsx [Client Component SSR]
    ./src/features/upload/components/panel/sources-panel.tsx [Client Component SSR]
    ./src/app/[locale]/(dashboard)/study/_components/study-workspace.tsx [Client Component SSR]
    ./src/app/[locale]/(dashboard)/study/_components/study-workspace.tsx [Server Component]
    ./src/app/[locale]/(dashboard)/study/page.tsx [Server Component]

https://nextjs.org/docs/messages/module-not-found @ http://localhost:3000/_next/static/chunks/0df7_%40sentry_core_build_esm_0tpbl~p._.js:10988
[  446341ms] [LOG] [Fast Refresh] rebuilding @ http://localhost:3000/_next/static/chunks/0df7_%40sentry_core_build_esm_0tpbl~p._.js:10988
[  446395ms] [ERROR] ./src/components/ui/dialog.tsx:4:1
Module not found: Can't resolve '@radix-ui/react-dialog'
  2 |
  3 | import * as React from "react";
> 4 | import * as DialogPrimitive from "@radix-ui/react-dialog";
    | ^^^^^^^^^^^^^^^^^^^^^^^^^^^^^^^^^^^^^^^^^^^^^^^^^^^^^^^^^^
  5 |
  6 | import { cn } from "@/lib/utils";
  7 | import { Button } from "@/components/ui/button";

Import traces:
  Client Component Browser:
    ./src/components/ui/dialog.tsx [Client Component Browser]
    ./src/features/upload/components/model/upload-modal.tsx [Client Component Browser]
    ./src/app/[locale]/(dashboard)/study/_components/study-workspace.tsx [Client Component Browser]
    ./src/app/[locale]/(dashboard)/study/_components/study-workspace.tsx [Server Component]
    ./src/app/[locale]/(dashboard)/study/page.tsx [Server Component]

  Client Component SSR:
    ./src/components/ui/dialog.tsx [Client Component SSR]
    ./src/features/upload/components/model/upload-modal.tsx [Client Component SSR]
    ./src/app/[locale]/(dashboard)/study/_components/study-workspace.tsx [Client Component SSR]
    ./src/app/[locale]/(dashboard)/study/_components/study-workspace.tsx [Server Component]
    ./src/app/[locale]/(dashboard)/study/page.tsx [Server Component]

https://nextjs.org/docs/messages/module-not-found @ http://localhost:3000/_next/static/chunks/0df7_%40sentry_core_build_esm_0tpbl~p._.js:10988
[  446397ms] [ERROR] ./src/components/ui/button.tsx:2:1
Module not found: Can't resolve '@radix-ui/react-slot'
  1 | import * as React from "react";
> 2 | import { Slot } from "@radix-ui/react-slot";
    | ^^^^^^^^^^^^^^^^^^^^^^^^^^^^^^^^^^^^^^^^^^^^
  3 | import { cva, type VariantProps } from "class-variance-authority";
  4 |
  5 | import { cn } from "@/lib/utils";

Import traces:
  #1 [Client Component Browser]:
    ./src/components/ui/button.tsx [Client Component Browser]
    ./src/components/layout/dashboard-sidebar.tsx [Client Component Browser]
    ./src/components/layout/dashboard-sidebar.tsx [Server Component]
    ./src/app/[locale]/(dashboard)/layout.tsx [Server Component]

  #2 [Client Component SSR]:
    ./src/components/ui/button.tsx [Client Component SSR]
    ./src/components/layout/dashboard-sidebar.tsx [Client Component SSR]
    ./src/components/layout/dashboard-sidebar.tsx [Server Component]
    ./src/app/[locale]/(dashboard)/layout.tsx [Server Component]

  #3 [Client Component Browser]:
    ./src/components/ui/button.tsx [Client Component Browser]
    ./src/features/upload/components/panel/sources-panel.tsx [Client Component Browser]
    ./src/app/[locale]/(dashboard)/study/_components/study-workspace.tsx [Client Component Browser]
    ./src/app/[locale]/(dashboard)/study/_components/study-workspace.tsx [Server Component]
    ./src/app/[locale]/(dashboard)/study/page.tsx [Server Component]

  #4 [Client Component SSR]:
    ./src/components/ui/button.tsx [Client Component SSR]
    ./src/features/upload/components/panel/sources-panel.tsx [Client Component SSR]
    ./src/app/[locale]/(dashboard)/study/_components/study-workspace.tsx [Client Component SSR]
    ./src/app/[locale]/(dashboard)/study/_components/study-workspace.tsx [Server Component]
    ./src/app/[locale]/(dashboard)/study/page.tsx [Server Component]

https://nextjs.org/docs/messages/module-not-found @ http://localhost:3000/_next/static/chunks/0df7_%40sentry_core_build_esm_0tpbl~p._.js:10988
[  464557ms] [LOG] [Fast Refresh] rebuilding @ http://localhost:3000/_next/static/chunks/0df7_%40sentry_core_build_esm_0tpbl~p._.js:10988
[  467101ms] Error: Internal Next.js error: Router action dispatched before initialization.
    at dispatchAppRouterAction (http://localhost:3000/_next/static/chunks/0b5f_next_dist_client_03ku85~._.js:2271:37)
    at http://localhost:3000/_next/static/chunks/0b5f_next_dist_client_03ku85~._.js:13024:61
    at startTransition (http://localhost:3000/_next/static/chunks/0b5f_next_dist_compiled_0dv9ie3._.js:1280:31)
    at Object.hmrRefresh (http://localhost:3000/_next/static/chunks/0b5f_next_dist_client_03ku85~._.js:13023:40)
    at http://localhost:3000/_next/static/chunks/0b5f_next_dist_client_03ku85~._.js:15191:64
    at startTransition (http://localhost:3000/_next/static/chunks/0b5f_next_dist_compiled_0dv9ie3._.js:1280:31)
    at processMessage (http://localhost:3000/_next/static/chunks/0b5f_next_dist_client_03ku85~._.js:15190:44)
    at WebSocket.handleMessage (http://localhost:3000/_next/static/chunks/0b5f_next_dist_client_03ku85~._.js:14559:52)
[  467180ms] Error: Internal Next.js error: Router action dispatched before initialization.
    at dispatchAppRouterAction (http://localhost:3000/_next/static/chunks/0b5f_next_dist_client_03ku85~._.js:2271:37)
    at http://localhost:3000/_next/static/chunks/0b5f_next_dist_client_03ku85~._.js:13024:61
    at startTransition (http://localhost:3000/_next/static/chunks/0b5f_next_dist_compiled_0dv9ie3._.js:1280:31)
    at Object.hmrRefresh (http://localhost:3000/_next/static/chunks/0b5f_next_dist_client_03ku85~._.js:13023:40)
    at http://localhost:3000/_next/static/chunks/0b5f_next_dist_client_03ku85~._.js:15191:64
    at startTransition (http://localhost:3000/_next/static/chunks/0b5f_next_dist_compiled_0dv9ie3._.js:1280:31)
    at processMessage (http://localhost:3000/_next/static/chunks/0b5f_next_dist_client_03ku85~._.js:15190:44)
    at WebSocket.handleMessage (http://localhost:3000/_next/static/chunks/0b5f_next_dist_client_03ku85~._.js:14559:52)
[  467183ms] Error: Internal Next.js error: Router action dispatched before initialization.
    at dispatchAppRouterAction (http://localhost:3000/_next/static/chunks/0b5f_next_dist_client_03ku85~._.js:2271:37)
    at http://localhost:3000/_next/static/chunks/0b5f_next_dist_client_03ku85~._.js:13024:61
    at startTransition (http://localhost:3000/_next/static/chunks/0b5f_next_dist_compiled_0dv9ie3._.js:1280:31)
    at Object.hmrRefresh (http://localhost:3000/_next/static/chunks/0b5f_next_dist_client_03ku85~._.js:13023:40)
    at http://localhost:3000/_next/static/chunks/0b5f_next_dist_client_03ku85~._.js:15191:64
    at startTransition (http://localhost:3000/_next/static/chunks/0b5f_next_dist_compiled_0dv9ie3._.js:1280:31)
    at processMessage (http://localhost:3000/_next/static/chunks/0b5f_next_dist_client_03ku85~._.js:15190:44)
    at WebSocket.handleMessage (http://localhost:3000/_next/static/chunks/0b5f_next_dist_client_03ku85~._.js:14559:52)
[  467234ms] Error: Internal Next.js error: Router action dispatched before initialization.
    at dispatchAppRouterAction (http://localhost:3000/_next/static/chunks/0b5f_next_dist_client_03ku85~._.js:2271:37)
    at http://localhost:3000/_next/static/chunks/0b5f_next_dist_client_03ku85~._.js:13024:61
    at startTransition (http://localhost:3000/_next/static/chunks/0b5f_next_dist_compiled_0dv9ie3._.js:1280:31)
    at Object.hmrRefresh (http://localhost:3000/_next/static/chunks/0b5f_next_dist_client_03ku85~._.js:13023:40)
    at http://localhost:3000/_next/static/chunks/0b5f_next_dist_client_03ku85~._.js:15191:64
    at startTransition (http://localhost:3000/_next/static/chunks/0b5f_next_dist_compiled_0dv9ie3._.js:1280:31)
    at processMessage (http://localhost:3000/_next/static/chunks/0b5f_next_dist_client_03ku85~._.js:15190:44)
    at WebSocket.handleMessage (http://localhost:3000/_next/static/chunks/0b5f_next_dist_client_03ku85~._.js:14559:52)
[  467252ms] Error: Internal Next.js error: Router action dispatched before initialization.
    at dispatchAppRouterAction (http://localhost:3000/_next/static/chunks/0b5f_next_dist_client_03ku85~._.js:2271:37)
    at http://localhost:3000/_next/static/chunks/0b5f_next_dist_client_03ku85~._.js:13024:61
    at startTransition (http://localhost:3000/_next/static/chunks/0b5f_next_dist_compiled_0dv9ie3._.js:1280:31)
    at Object.hmrRefresh (http://localhost:3000/_next/static/chunks/0b5f_next_dist_client_03ku85~._.js:13023:40)
    at http://localhost:3000/_next/static/chunks/0b5f_next_dist_client_03ku85~._.js:15191:64
    at startTransition (http://localhost:3000/_next/static/chunks/0b5f_next_dist_compiled_0dv9ie3._.js:1280:31)
    at processMessage (http://localhost:3000/_next/static/chunks/0b5f_next_dist_client_03ku85~._.js:15190:44)
    at WebSocket.handleMessage (http://localhost:3000/_next/static/chunks/0b5f_next_dist_client_03ku85~._.js:14559:52)
[  467254ms] Error: Internal Next.js error: Router action dispatched before initialization.
    at dispatchAppRouterAction (http://localhost:3000/_next/static/chunks/0b5f_next_dist_client_03ku85~._.js:2271:37)
    at http://localhost:3000/_next/static/chunks/0b5f_next_dist_client_03ku85~._.js:13024:61
    at startTransition (http://localhost:3000/_next/static/chunks/0b5f_next_dist_compiled_0dv9ie3._.js:1280:31)
    at Object.hmrRefresh (http://localhost:3000/_next/static/chunks/0b5f_next_dist_client_03ku85~._.js:13023:40)
    at http://localhost:3000/_next/static/chunks/0b5f_next_dist_client_03ku85~._.js:15191:64
    at startTransition (http://localhost:3000/_next/static/chunks/0b5f_next_dist_compiled_0dv9ie3._.js:1280:31)
    at processMessage (http://localhost:3000/_next/static/chunks/0b5f_next_dist_client_03ku85~._.js:15190:44)
    at WebSocket.handleMessage (http://localhost:3000/_next/static/chunks/0b5f_next_dist_client_03ku85~._.js:14559:52)
[  467255ms] Error: Internal Next.js error: Router action dispatched before initialization.
    at dispatchAppRouterAction (http://localhost:3000/_next/static/chunks/0b5f_next_dist_client_03ku85~._.js:2271:37)
    at http://localhost:3000/_next/static/chunks/0b5f_next_dist_client_03ku85~._.js:13024:61
    at startTransition (http://localhost:3000/_next/static/chunks/0b5f_next_dist_compiled_0dv9ie3._.js:1280:31)
    at Object.hmrRefresh (http://localhost:3000/_next/static/chunks/0b5f_next_dist_client_03ku85~._.js:13023:40)
    at http://localhost:3000/_next/static/chunks/0b5f_next_dist_client_03ku85~._.js:15191:64
    at startTransition (http://localhost:3000/_next/static/chunks/0b5f_next_dist_compiled_0dv9ie3._.js:1280:31)
    at processMessage (http://localhost:3000/_next/static/chunks/0b5f_next_dist_client_03ku85~._.js:15190:44)
    at WebSocket.handleMessage (http://localhost:3000/_next/static/chunks/0b5f_next_dist_client_03ku85~._.js:14559:52)
[  467304ms] Error: Internal Next.js error: Router action dispatched before initialization.
    at dispatchAppRouterAction (http://localhost:3000/_next/static/chunks/0b5f_next_dist_client_03ku85~._.js:2271:37)
    at http://localhost:3000/_next/static/chunks/0b5f_next_dist_client_03ku85~._.js:13024:61
    at startTransition (http://localhost:3000/_next/static/chunks/0b5f_next_dist_compiled_0dv9ie3._.js:1280:31)
    at Object.hmrRefresh (http://localhost:3000/_next/static/chunks/0b5f_next_dist_client_03ku85~._.js:13023:40)
    at http://localhost:3000/_next/static/chunks/0b5f_next_dist_client_03ku85~._.js:15191:64
    at startTransition (http://localhost:3000/_next/static/chunks/0b5f_next_dist_compiled_0dv9ie3._.js:1280:31)
    at processMessage (http://localhost:3000/_next/static/chunks/0b5f_next_dist_client_03ku85~._.js:15190:44)
    at WebSocket.handleMessage (http://localhost:3000/_next/static/chunks/0b5f_next_dist_client_03ku85~._.js:14559:52)
[  467312ms] Error: Internal Next.js error: Router action dispatched before initialization.
    at dispatchAppRouterAction (http://localhost:3000/_next/static/chunks/0b5f_next_dist_client_03ku85~._.js:2271:37)
    at http://localhost:3000/_next/static/chunks/0b5f_next_dist_client_03ku85~._.js:13024:61
    at startTransition (http://localhost:3000/_next/static/chunks/0b5f_next_dist_compiled_0dv9ie3._.js:1280:31)
    at Object.hmrRefresh (http://localhost:3000/_next/static/chunks/0b5f_next_dist_client_03ku85~._.js:13023:40)
    at http://localhost:3000/_next/static/chunks/0b5f_next_dist_client_03ku85~._.js:15191:64
    at startTransition (http://localhost:3000/_next/static/chunks/0b5f_next_dist_compiled_0dv9ie3._.js:1280:31)
    at processMessage (http://localhost:3000/_next/static/chunks/0b5f_next_dist_client_03ku85~._.js:15190:44)
    at WebSocket.handleMessage (http://localhost:3000/_next/static/chunks/0b5f_next_dist_client_03ku85~._.js:14559:52)
[  467316ms] Error: Internal Next.js error: Router action dispatched before initialization.
    at dispatchAppRouterAction (http://localhost:3000/_next/static/chunks/0b5f_next_dist_client_03ku85~._.js:2271:37)
    at http://localhost:3000/_next/static/chunks/0b5f_next_dist_client_03ku85~._.js:13024:61
    at startTransition (http://localhost:3000/_next/static/chunks/0b5f_next_dist_compiled_0dv9ie3._.js:1280:31)
    at Object.hmrRefresh (http://localhost:3000/_next/static/chunks/0b5f_next_dist_client_03ku85~._.js:13023:40)
    at http://localhost:3000/_next/static/chunks/0b5f_next_dist_client_03ku85~._.js:15191:64
    at startTransition (http://localhost:3000/_next/static/chunks/0b5f_next_dist_compiled_0dv9ie3._.js:1280:31)
    at processMessage (http://localhost:3000/_next/static/chunks/0b5f_next_dist_client_03ku85~._.js:15190:44)
    at WebSocket.handleMessage (http://localhost:3000/_next/static/chunks/0b5f_next_dist_client_03ku85~._.js:14559:52)
[  467653ms] [ERROR] ./src/app/[locale]/layout.tsx:5:1
Module not found: Can't resolve '@/components/providers/theme-provider'
  3 | import { notFound } from "next/navigation";
  4 | import { Plus_Jakarta_Sans, JetBrains_Mono, Lora } from "next/font/google";
> 5 | import { ThemeProvider } from "@/components/providers/theme-provider";
    | ^^^^^^^^^^^^^^^^^^^^^^^^^^^^^^^^^^^^^^^^^^^^^^^^^^^^^^^^^^^^^^^^^^^^^^
  6 | import { routing } from "@/i18n/routing";
  7 | import "../globals.css";
  8 |

Import map: aliased to relative './src/components/providers/theme-provider' inside of [project]/

https://nextjs.org/docs/messages/module-not-found @ http://localhost:3000/_next/static/chunks/0df7_%40sentry_core_build_esm_0tpbl~p._.js:10988
[  467657ms] [ERROR] ./src/components/ui/dialog.tsx:4:1
Module not found: Can't resolve '@radix-ui/react-dialog'
  2 |
  3 | import * as React from "react";
> 4 | import * as DialogPrimitive from "@radix-ui/react-dialog";
    | ^^^^^^^^^^^^^^^^^^^^^^^^^^^^^^^^^^^^^^^^^^^^^^^^^^^^^^^^^^
  5 |
  6 | import { cn } from "@/lib/utils";
  7 | import { Button } from "@/components/ui/button";

Import traces:
  Client Component Browser:
    ./src/components/ui/dialog.tsx [Client Component Browser]
    ./src/features/upload/components/model/upload-modal.tsx [Client Component Browser]
    ./src/app/[locale]/(dashboard)/study/_components/study-workspace.tsx [Client Component Browser]
    ./src/app/[locale]/(dashboard)/study/_components/study-workspace.tsx [Server Component]
    ./src/app/[locale]/(dashboard)/study/page.tsx [Server Component]

  Client Component SSR:
    ./src/components/ui/dialog.tsx [Client Component SSR]
    ./src/features/upload/components/model/upload-modal.tsx [Client Component SSR]
    ./src/app/[locale]/(dashboard)/study/_components/study-workspace.tsx [Client Component SSR]
    ./src/app/[locale]/(dashboard)/study/_components/study-workspace.tsx [Server Component]
    ./src/app/[locale]/(dashboard)/study/page.tsx [Server Component]

https://nextjs.org/docs/messages/module-not-found @ http://localhost:3000/_next/static/chunks/0df7_%40sentry_core_build_esm_0tpbl~p._.js:10988
[  467658ms] [ERROR] ./src/components/ui/button.tsx:2:1
Module not found: Can't resolve '@radix-ui/react-slot'
  1 | import * as React from "react";
> 2 | import { Slot } from "@radix-ui/react-slot";
    | ^^^^^^^^^^^^^^^^^^^^^^^^^^^^^^^^^^^^^^^^^^^^
  3 | import { cva, type VariantProps } from "class-variance-authority";
  4 |
  5 | import { cn } from "@/lib/utils";

Import traces:
  #1 [Client Component Browser]:
    ./src/components/ui/button.tsx [Client Component Browser]
    ./src/components/layout/dashboard-sidebar.tsx [Client Component Browser]
    ./src/components/layout/dashboard-sidebar.tsx [Server Component]
    ./src/app/[locale]/(dashboard)/layout.tsx [Server Component]

  #2 [Client Component SSR]:
    ./src/components/ui/button.tsx [Client Component SSR]
    ./src/components/layout/dashboard-sidebar.tsx [Client Component SSR]
    ./src/components/layout/dashboard-sidebar.tsx [Server Component]
    ./src/app/[locale]/(dashboard)/layout.tsx [Server Component]

  #3 [Client Component Browser]:
    ./src/components/ui/button.tsx [Client Component Browser]
    ./src/features/upload/components/panel/sources-panel.tsx [Client Component Browser]
    ./src/app/[locale]/(dashboard)/study/_components/study-workspace.tsx [Client Component Browser]
    ./src/app/[locale]/(dashboard)/study/_components/study-workspace.tsx [Server Component]
    ./src/app/[locale]/(dashboard)/study/page.tsx [Server Component]

  #4 [Client Component SSR]:
    ./src/components/ui/button.tsx [Client Component SSR]
    ./src/features/upload/components/panel/sources-panel.tsx [Client Component SSR]
    ./src/app/[locale]/(dashboard)/study/_components/study-workspace.tsx [Client Component SSR]
    ./src/app/[locale]/(dashboard)/study/_components/study-workspace.tsx [Server Component]
    ./src/app/[locale]/(dashboard)/study/page.tsx [Server Component]

https://nextjs.org/docs/messages/module-not-found @ http://localhost:3000/_next/static/chunks/0df7_%40sentry_core_build_esm_0tpbl~p._.js:10988
[  467699ms] Error: Internal Next.js error: Router action dispatched before initialization.
    at dispatchAppRouterAction (http://localhost:3000/_next/static/chunks/0b5f_next_dist_client_03ku85~._.js:2271:37)
    at http://localhost:3000/_next/static/chunks/0b5f_next_dist_client_03ku85~._.js:13024:61
    at startTransition (http://localhost:3000/_next/static/chunks/0b5f_next_dist_compiled_0dv9ie3._.js:1280:31)
    at Object.hmrRefresh (http://localhost:3000/_next/static/chunks/0b5f_next_dist_client_03ku85~._.js:13023:40)
    at http://localhost:3000/_next/static/chunks/0b5f_next_dist_client_03ku85~._.js:15191:64
    at startTransition (http://localhost:3000/_next/static/chunks/0b5f_next_dist_compiled_0dv9ie3._.js:1280:31)
    at processMessage (http://localhost:3000/_next/static/chunks/0b5f_next_dist_client_03ku85~._.js:15190:44)
    at WebSocket.handleMessage (http://localhost:3000/_next/static/chunks/0b5f_next_dist_client_03ku85~._.js:14559:52)
[  467709ms] Error: Internal Next.js error: Router action dispatched before initialization.
    at dispatchAppRouterAction (http://localhost:3000/_next/static/chunks/0b5f_next_dist_client_03ku85~._.js:2271:37)
    at http://localhost:3000/_next/static/chunks/0b5f_next_dist_client_03ku85~._.js:13024:61
    at startTransition (http://localhost:3000/_next/static/chunks/0b5f_next_dist_compiled_0dv9ie3._.js:1280:31)
    at Object.hmrRefresh (http://localhost:3000/_next/static/chunks/0b5f_next_dist_client_03ku85~._.js:13023:40)
    at http://localhost:3000/_next/static/chunks/0b5f_next_dist_client_03ku85~._.js:15191:64
    at startTransition (http://localhost:3000/_next/static/chunks/0b5f_next_dist_compiled_0dv9ie3._.js:1280:31)
    at processMessage (http://localhost:3000/_next/static/chunks/0b5f_next_dist_client_03ku85~._.js:15190:44)
    at WebSocket.handleMessage (http://localhost:3000/_next/static/chunks/0b5f_next_dist_client_03ku85~._.js:14559:52)
[  467713ms] Error: Internal Next.js error: Router action dispatched before initialization.
    at dispatchAppRouterAction (http://localhost:3000/_next/static/chunks/0b5f_next_dist_client_03ku85~._.js:2271:37)
    at http://localhost:3000/_next/static/chunks/0b5f_next_dist_client_03ku85~._.js:13024:61
    at startTransition (http://localhost:3000/_next/static/chunks/0b5f_next_dist_compiled_0dv9ie3._.js:1280:31)
    at Object.hmrRefresh (http://localhost:3000/_next/static/chunks/0b5f_next_dist_client_03ku85~._.js:13023:40)
    at http://localhost:3000/_next/static/chunks/0b5f_next_dist_client_03ku85~._.js:15191:64
    at startTransition (http://localhost:3000/_next/static/chunks/0b5f_next_dist_compiled_0dv9ie3._.js:1280:31)
    at processMessage (http://localhost:3000/_next/static/chunks/0b5f_next_dist_client_03ku85~._.js:15190:44)
    at WebSocket.handleMessage (http://localhost:3000/_next/static/chunks/0b5f_next_dist_client_03ku85~._.js:14559:52)
[  467728ms] Error: Internal Next.js error: Router action dispatched before initialization.
    at dispatchAppRouterAction (http://localhost:3000/_next/static/chunks/0b5f_next_dist_client_03ku85~._.js:2271:37)
    at http://localhost:3000/_next/static/chunks/0b5f_next_dist_client_03ku85~._.js:13024:61
    at startTransition (http://localhost:3000/_next/static/chunks/0b5f_next_dist_compiled_0dv9ie3._.js:1280:31)
    at Object.hmrRefresh (http://localhost:3000/_next/static/chunks/0b5f_next_dist_client_03ku85~._.js:13023:40)
    at http://localhost:3000/_next/static/chunks/0b5f_next_dist_client_03ku85~._.js:15191:64
    at startTransition (http://localhost:3000/_next/static/chunks/0b5f_next_dist_compiled_0dv9ie3._.js:1280:31)
    at processMessage (http://localhost:3000/_next/static/chunks/0b5f_next_dist_client_03ku85~._.js:15190:44)
    at WebSocket.handleMessage (http://localhost:3000/_next/static/chunks/0b5f_next_dist_client_03ku85~._.js:14559:52)
[  467760ms] Error: Internal Next.js error: Router action dispatched before initialization.
    at dispatchAppRouterAction (http://localhost:3000/_next/static/chunks/0b5f_next_dist_client_03ku85~._.js:2271:37)
    at http://localhost:3000/_next/static/chunks/0b5f_next_dist_client_03ku85~._.js:13024:61
    at startTransition (http://localhost:3000/_next/static/chunks/0b5f_next_dist_compiled_0dv9ie3._.js:1280:31)
    at Object.hmrRefresh (http://localhost:3000/_next/static/chunks/0b5f_next_dist_client_03ku85~._.js:13023:40)
    at http://localhost:3000/_next/static/chunks/0b5f_next_dist_client_03ku85~._.js:15191:64
    at startTransition (http://localhost:3000/_next/static/chunks/0b5f_next_dist_compiled_0dv9ie3._.js:1280:31)
    at processMessage (http://localhost:3000/_next/static/chunks/0b5f_next_dist_client_03ku85~._.js:15190:44)
    at WebSocket.handleMessage (http://localhost:3000/_next/static/chunks/0b5f_next_dist_client_03ku85~._.js:14559:52)
[  467897ms] Error: Internal Next.js error: Router action dispatched before initialization.
    at dispatchAppRouterAction (http://localhost:3000/_next/static/chunks/0b5f_next_dist_client_03ku85~._.js:2271:37)
    at http://localhost:3000/_next/static/chunks/0b5f_next_dist_client_03ku85~._.js:13024:61
    at startTransition (http://localhost:3000/_next/static/chunks/0b5f_next_dist_compiled_0dv9ie3._.js:1280:31)
    at Object.hmrRefresh (http://localhost:3000/_next/static/chunks/0b5f_next_dist_client_03ku85~._.js:13023:40)
    at http://localhost:3000/_next/static/chunks/0b5f_next_dist_client_03ku85~._.js:15191:64
    at startTransition (http://localhost:3000/_next/static/chunks/0b5f_next_dist_compiled_0dv9ie3._.js:1280:31)
    at processMessage (http://localhost:3000/_next/static/chunks/0b5f_next_dist_client_03ku85~._.js:15190:44)
    at WebSocket.handleMessage (http://localhost:3000/_next/static/chunks/0b5f_next_dist_client_03ku85~._.js:14559:52)
[  468030ms] Error: Internal Next.js error: Router action dispatched before initialization.
    at dispatchAppRouterAction (http://localhost:3000/_next/static/chunks/0b5f_next_dist_client_03ku85~._.js:2271:37)
    at http://localhost:3000/_next/static/chunks/0b5f_next_dist_client_03ku85~._.js:13024:61
    at startTransition (http://localhost:3000/_next/static/chunks/0b5f_next_dist_compiled_0dv9ie3._.js:1280:31)
    at Object.hmrRefresh (http://localhost:3000/_next/static/chunks/0b5f_next_dist_client_03ku85~._.js:13023:40)
    at http://localhost:3000/_next/static/chunks/0b5f_next_dist_client_03ku85~._.js:15191:64
    at startTransition (http://localhost:3000/_next/static/chunks/0b5f_next_dist_compiled_0dv9ie3._.js:1280:31)
    at processMessage (http://localhost:3000/_next/static/chunks/0b5f_next_dist_client_03ku85~._.js:15190:44)
    at WebSocket.handleMessage (http://localhost:3000/_next/static/chunks/0b5f_next_dist_client_03ku85~._.js:14559:52)
[  468172ms] Error: Internal Next.js error: Router action dispatched before initialization.
    at dispatchAppRouterAction (http://localhost:3000/_next/static/chunks/0b5f_next_dist_client_03ku85~._.js:2271:37)
    at http://localhost:3000/_next/static/chunks/0b5f_next_dist_client_03ku85~._.js:13024:61
    at startTransition (http://localhost:3000/_next/static/chunks/0b5f_next_dist_compiled_0dv9ie3._.js:1280:31)
    at Object.hmrRefresh (http://localhost:3000/_next/static/chunks/0b5f_next_dist_client_03ku85~._.js:13023:40)
    at http://localhost:3000/_next/static/chunks/0b5f_next_dist_client_03ku85~._.js:15191:64
    at startTransition (http://localhost:3000/_next/static/chunks/0b5f_next_dist_compiled_0dv9ie3._.js:1280:31)
    at processMessage (http://localhost:3000/_next/static/chunks/0b5f_next_dist_client_03ku85~._.js:15190:44)
    at WebSocket.handleMessage (http://localhost:3000/_next/static/chunks/0b5f_next_dist_client_03ku85~._.js:14559:52)
[  468190ms] Error: Internal Next.js error: Router action dispatched before initialization.
    at dispatchAppRouterAction (http://localhost:3000/_next/static/chunks/0b5f_next_dist_client_03ku85~._.js:2271:37)
    at http://localhost:3000/_next/static/chunks/0b5f_next_dist_client_03ku85~._.js:13024:61
    at startTransition (http://localhost:3000/_next/static/chunks/0b5f_next_dist_compiled_0dv9ie3._.js:1280:31)
    at Object.hmrRefresh (http://localhost:3000/_next/static/chunks/0b5f_next_dist_client_03ku85~._.js:13023:40)
    at http://localhost:3000/_next/static/chunks/0b5f_next_dist_client_03ku85~._.js:15191:64
    at startTransition (http://localhost:3000/_next/static/chunks/0b5f_next_dist_compiled_0dv9ie3._.js:1280:31)
    at processMessage (http://localhost:3000/_next/static/chunks/0b5f_next_dist_client_03ku85~._.js:15190:44)
    at WebSocket.handleMessage (http://localhost:3000/_next/static/chunks/0b5f_next_dist_client_03ku85~._.js:14559:52)
[  468208ms] Error: Internal Next.js error: Router action dispatched before initialization.
    at dispatchAppRouterAction (http://localhost:3000/_next/static/chunks/0b5f_next_dist_client_03ku85~._.js:2271:37)
    at http://localhost:3000/_next/static/chunks/0b5f_next_dist_client_03ku85~._.js:13024:61
    at startTransition (http://localhost:3000/_next/static/chunks/0b5f_next_dist_compiled_0dv9ie3._.js:1280:31)
    at Object.hmrRefresh (http://localhost:3000/_next/static/chunks/0b5f_next_dist_client_03ku85~._.js:13023:40)
    at http://localhost:3000/_next/static/chunks/0b5f_next_dist_client_03ku85~._.js:15191:64
    at startTransition (http://localhost:3000/_next/static/chunks/0b5f_next_dist_compiled_0dv9ie3._.js:1280:31)
    at processMessage (http://localhost:3000/_next/static/chunks/0b5f_next_dist_client_03ku85~._.js:15190:44)
    at WebSocket.handleMessage (http://localhost:3000/_next/static/chunks/0b5f_next_dist_client_03ku85~._.js:14559:52)
[  468223ms] Error: Internal Next.js error: Router action dispatched before initialization.
    at dispatchAppRouterAction (http://localhost:3000/_next/static/chunks/0b5f_next_dist_client_03ku85~._.js:2271:37)
    at http://localhost:3000/_next/static/chunks/0b5f_next_dist_client_03ku85~._.js:13024:61
    at startTransition (http://localhost:3000/_next/static/chunks/0b5f_next_dist_compiled_0dv9ie3._.js:1280:31)
    at Object.hmrRefresh (http://localhost:3000/_next/static/chunks/0b5f_next_dist_client_03ku85~._.js:13023:40)
    at http://localhost:3000/_next/static/chunks/0b5f_next_dist_client_03ku85~._.js:15191:64
    at startTransition (http://localhost:3000/_next/static/chunks/0b5f_next_dist_compiled_0dv9ie3._.js:1280:31)
    at processMessage (http://localhost:3000/_next/static/chunks/0b5f_next_dist_client_03ku85~._.js:15190:44)
    at WebSocket.handleMessage (http://localhost:3000/_next/static/chunks/0b5f_next_dist_client_03ku85~._.js:14559:52)
[  468282ms] [ERROR] ./src/app/[locale]/layout.tsx:5:1
Module not found: Can't resolve '@/components/providers/theme-provider'
  3 | import { notFound } from "next/navigation";
  4 | import { Plus_Jakarta_Sans, JetBrains_Mono, Lora } from "next/font/google";
> 5 | import { ThemeProvider } from "@/components/providers/theme-provider";
    | ^^^^^^^^^^^^^^^^^^^^^^^^^^^^^^^^^^^^^^^^^^^^^^^^^^^^^^^^^^^^^^^^^^^^^^
  6 | import { routing } from "@/i18n/routing";
  7 | import "../globals.css";
  8 |

Import map: aliased to relative './src/components/providers/theme-provider' inside of [project]/

https://nextjs.org/docs/messages/module-not-found @ http://localhost:3000/_next/static/chunks/0df7_%40sentry_core_build_esm_0tpbl~p._.js:10988
[  468283ms] [ERROR] ./src/components/ui/dialog.tsx:4:1
Module not found: Can't resolve '@radix-ui/react-dialog'
  2 |
  3 | import * as React from "react";
> 4 | import * as DialogPrimitive from "@radix-ui/react-dialog";
    | ^^^^^^^^^^^^^^^^^^^^^^^^^^^^^^^^^^^^^^^^^^^^^^^^^^^^^^^^^^
  5 |
  6 | import { cn } from "@/lib/utils";
  7 | import { Button } from "@/components/ui/button";

Import traces:
  Client Component Browser:
    ./src/components/ui/dialog.tsx [Client Component Browser]
    ./src/features/upload/components/model/upload-modal.tsx [Client Component Browser]
    ./src/app/[locale]/(dashboard)/study/_components/study-workspace.tsx [Client Component Browser]
    ./src/app/[locale]/(dashboard)/study/_components/study-workspace.tsx [Server Component]
    ./src/app/[locale]/(dashboard)/study/page.tsx [Server Component]

  Client Component SSR:
    ./src/components/ui/dialog.tsx [Client Component SSR]
    ./src/features/upload/components/model/upload-modal.tsx [Client Component SSR]
    ./src/app/[locale]/(dashboard)/study/_components/study-workspace.tsx [Client Component SSR]
    ./src/app/[locale]/(dashboard)/study/_components/study-workspace.tsx [Server Component]
    ./src/app/[locale]/(dashboard)/study/page.tsx [Server Component]

https://nextjs.org/docs/messages/module-not-found @ http://localhost:3000/_next/static/chunks/0df7_%40sentry_core_build_esm_0tpbl~p._.js:10988
[  468284ms] [ERROR] ./src/components/ui/button.tsx:2:1
Module not found: Can't resolve '@radix-ui/react-slot'
  1 | import * as React from "react";
> 2 | import { Slot } from "@radix-ui/react-slot";
    | ^^^^^^^^^^^^^^^^^^^^^^^^^^^^^^^^^^^^^^^^^^^^
  3 | import { cva, type VariantProps } from "class-variance-authority";
  4 |
  5 | import { cn } from "@/lib/utils";

Import traces:
  #1 [Client Component Browser]:
    ./src/components/ui/button.tsx [Client Component Browser]
    ./src/components/layout/dashboard-sidebar.tsx [Client Component Browser]
    ./src/components/layout/dashboard-sidebar.tsx [Server Component]
    ./src/app/[locale]/(dashboard)/layout.tsx [Server Component]

  #2 [Client Component SSR]:
    ./src/components/ui/button.tsx [Client Component SSR]
    ./src/components/layout/dashboard-sidebar.tsx [Client Component SSR]
    ./src/components/layout/dashboard-sidebar.tsx [Server Component]
    ./src/app/[locale]/(dashboard)/layout.tsx [Server Component]

  #3 [Client Component Browser]:
    ./src/components/ui/button.tsx [Client Component Browser]
    ./src/features/upload/components/panel/sources-panel.tsx [Client Component Browser]
    ./src/app/[locale]/(dashboard)/study/_components/study-workspace.tsx [Client Component Browser]
    ./src/app/[locale]/(dashboard)/study/_components/study-workspace.tsx [Server Component]
    ./src/app/[locale]/(dashboard)/study/page.tsx [Server Component]

  #4 [Client Component SSR]:
    ./src/components/ui/button.tsx [Client Component SSR]
    ./src/features/upload/components/panel/sources-panel.tsx [Client Component SSR]
    ./src/app/[locale]/(dashboard)/study/_components/study-workspace.tsx [Client Component SSR]
    ./src/app/[locale]/(dashboard)/study/_components/study-workspace.tsx [Server Component]
    ./src/app/[locale]/(dashboard)/study/page.tsx [Server Component]

https://nextjs.org/docs/messages/module-not-found @ http://localhost:3000/_next/static/chunks/0df7_%40sentry_core_build_esm_0tpbl~p._.js:10988
[  468314ms] [ERROR] ./src/app/[locale]/layout.tsx:5:1
Module not found: Can't resolve '@/components/providers/theme-provider'
  3 | import { notFound } from "next/navigation";
  4 | import { Plus_Jakarta_Sans, JetBrains_Mono, Lora } from "next/font/google";
> 5 | import { ThemeProvider } from "@/components/providers/theme-provider";
    | ^^^^^^^^^^^^^^^^^^^^^^^^^^^^^^^^^^^^^^^^^^^^^^^^^^^^^^^^^^^^^^^^^^^^^^
  6 | import { routing } from "@/i18n/routing";
  7 | import "../globals.css";
  8 |

Import map: aliased to relative './src/components/providers/theme-provider' inside of [project]/

https://nextjs.org/docs/messages/module-not-found @ http://localhost:3000/_next/static/chunks/0df7_%40sentry_core_build_esm_0tpbl~p._.js:10988
[  468314ms] [ERROR] ./src/components/ui/dialog.tsx:4:1
Module not found: Can't resolve '@radix-ui/react-dialog'
  2 |
  3 | import * as React from "react";
> 4 | import * as DialogPrimitive from "@radix-ui/react-dialog";
    | ^^^^^^^^^^^^^^^^^^^^^^^^^^^^^^^^^^^^^^^^^^^^^^^^^^^^^^^^^^
  5 |
  6 | import { cn } from "@/lib/utils";
  7 | import { Button } from "@/components/ui/button";

Import traces:
  Client Component Browser:
    ./src/components/ui/dialog.tsx [Client Component Browser]
    ./src/features/upload/components/model/upload-modal.tsx [Client Component Browser]
    ./src/app/[locale]/(dashboard)/study/_components/study-workspace.tsx [Client Component Browser]
    ./src/app/[locale]/(dashboard)/study/_components/study-workspace.tsx [Server Component]
    ./src/app/[locale]/(dashboard)/study/page.tsx [Server Component]

  Client Component SSR:
    ./src/components/ui/dialog.tsx [Client Component SSR]
    ./src/features/upload/components/model/upload-modal.tsx [Client Component SSR]
    ./src/app/[locale]/(dashboard)/study/_components/study-workspace.tsx [Client Component SSR]
    ./src/app/[locale]/(dashboard)/study/_components/study-workspace.tsx [Server Component]
    ./src/app/[locale]/(dashboard)/study/page.tsx [Server Component]

https://nextjs.org/docs/messages/module-not-found @ http://localhost:3000/_next/static/chunks/0df7_%40sentry_core_build_esm_0tpbl~p._.js:10988
[  468315ms] [ERROR] ./src/components/ui/button.tsx:2:1
Module not found: Can't resolve '@radix-ui/react-slot'
  1 | import * as React from "react";
> 2 | import { Slot } from "@radix-ui/react-slot";
    | ^^^^^^^^^^^^^^^^^^^^^^^^^^^^^^^^^^^^^^^^^^^^
  3 | import { cva, type VariantProps } from "class-variance-authority";
  4 |
  5 | import { cn } from "@/lib/utils";

Import traces:
  #1 [Client Component Browser]:
    ./src/components/ui/button.tsx [Client Component Browser]
    ./src/components/layout/dashboard-sidebar.tsx [Client Component Browser]
    ./src/components/layout/dashboard-sidebar.tsx [Server Component]
    ./src/app/[locale]/(dashboard)/layout.tsx [Server Component]

  #2 [Client Component SSR]:
    ./src/components/ui/button.tsx [Client Component SSR]
    ./src/components/layout/dashboard-sidebar.tsx [Client Component SSR]
    ./src/components/layout/dashboard-sidebar.tsx [Server Component]
    ./src/app/[locale]/(dashboard)/layout.tsx [Server Component]

  #3 [Client Component Browser]:
    ./src/components/ui/button.tsx [Client Component Browser]
    ./src/features/upload/components/panel/sources-panel.tsx [Client Component Browser]
    ./src/app/[locale]/(dashboard)/study/_components/study-workspace.tsx [Client Component Browser]
    ./src/app/[locale]/(dashboard)/study/_components/study-workspace.tsx [Server Component]
    ./src/app/[locale]/(dashboard)/study/page.tsx [Server Component]

  #4 [Client Component SSR]:
    ./src/components/ui/button.tsx [Client Component SSR]
    ./src/features/upload/components/panel/sources-panel.tsx [Client Component SSR]
    ./src/app/[locale]/(dashboard)/study/_components/study-workspace.tsx [Client Component SSR]
    ./src/app/[locale]/(dashboard)/study/_components/study-workspace.tsx [Server Component]
    ./src/app/[locale]/(dashboard)/study/page.tsx [Server Component]

https://nextjs.org/docs/messages/module-not-found @ http://localhost:3000/_next/static/chunks/0df7_%40sentry_core_build_esm_0tpbl~p._.js:10988
[  468385ms] [LOG] [Fast Refresh] rebuilding @ http://localhost:3000/_next/static/chunks/0df7_%40sentry_core_build_esm_0tpbl~p._.js:10988
[  468786ms] [ERROR] ./src/app/[locale]/layout.tsx:5:1
Module not found: Can't resolve '@/components/providers/theme-provider'
  3 | import { notFound } from "next/navigation";
  4 | import { Plus_Jakarta_Sans, JetBrains_Mono, Lora } from "next/font/google";
> 5 | import { ThemeProvider } from "@/components/providers/theme-provider";
    | ^^^^^^^^^^^^^^^^^^^^^^^^^^^^^^^^^^^^^^^^^^^^^^^^^^^^^^^^^^^^^^^^^^^^^^
  6 | import { routing } from "@/i18n/routing";
  7 | import "../globals.css";
  8 |

Import map: aliased to relative './src/components/providers/theme-provider' inside of [project]/

https://nextjs.org/docs/messages/module-not-found @ http://localhost:3000/_next/static/chunks/0df7_%40sentry_core_build_esm_0tpbl~p._.js:10988
[  468787ms] [ERROR] ./src/components/ui/dialog.tsx:4:1
Module not found: Can't resolve '@radix-ui/react-dialog'
  2 |
  3 | import * as React from "react";
> 4 | import * as DialogPrimitive from "@radix-ui/react-dialog";
    | ^^^^^^^^^^^^^^^^^^^^^^^^^^^^^^^^^^^^^^^^^^^^^^^^^^^^^^^^^^
  5 |
  6 | import { cn } from "@/lib/utils";
  7 | import { Button } from "@/components/ui/button";

Import traces:
  Client Component Browser:
    ./src/components/ui/dialog.tsx [Client Component Browser]
    ./src/features/upload/components/model/upload-modal.tsx [Client Component Browser]
    ./src/app/[locale]/(dashboard)/study/_components/study-workspace.tsx [Client Component Browser]
    ./src/app/[locale]/(dashboard)/study/_components/study-workspace.tsx [Server Component]
    ./src/app/[locale]/(dashboard)/study/page.tsx [Server Component]

  Client Component SSR:
    ./src/components/ui/dialog.tsx [Client Component SSR]
    ./src/features/upload/components/model/upload-modal.tsx [Client Component SSR]
    ./src/app/[locale]/(dashboard)/study/_components/study-workspace.tsx [Client Component SSR]
    ./src/app/[locale]/(dashboard)/study/_components/study-workspace.tsx [Server Component]
    ./src/app/[locale]/(dashboard)/study/page.tsx [Server Component]

https://nextjs.org/docs/messages/module-not-found @ http://localhost:3000/_next/static/chunks/0df7_%40sentry_core_build_esm_0tpbl~p._.js:10988
[  468787ms] [ERROR] ./src/components/ui/button.tsx:2:1
Module not found: Can't resolve '@radix-ui/react-slot'
  1 | import * as React from "react";
> 2 | import { Slot } from "@radix-ui/react-slot";
    | ^^^^^^^^^^^^^^^^^^^^^^^^^^^^^^^^^^^^^^^^^^^^
  3 | import { cva, type VariantProps } from "class-variance-authority";
  4 |
  5 | import { cn } from "@/lib/utils";

Import traces:
  #1 [Client Component Browser]:
    ./src/components/ui/button.tsx [Client Component Browser]
    ./src/components/layout/dashboard-sidebar.tsx [Client Component Browser]
    ./src/components/layout/dashboard-sidebar.tsx [Server Component]
    ./src/app/[locale]/(dashboard)/layout.tsx [Server Component]

  #2 [Client Component SSR]:
    ./src/components/ui/button.tsx [Client Component SSR]
    ./src/components/layout/dashboard-sidebar.tsx [Client Component SSR]
    ./src/components/layout/dashboard-sidebar.tsx [Server Component]
    ./src/app/[locale]/(dashboard)/layout.tsx [Server Component]

  #3 [Client Component Browser]:
    ./src/components/ui/button.tsx [Client Component Browser]
    ./src/features/upload/components/panel/sources-panel.tsx [Client Component Browser]
    ./src/app/[locale]/(dashboard)/study/_components/study-workspace.tsx [Client Component Browser]
    ./src/app/[locale]/(dashboard)/study/_components/study-workspace.tsx [Server Component]
    ./src/app/[locale]/(dashboard)/study/page.tsx [Server Component]

  #4 [Client Component SSR]:
    ./src/components/ui/button.tsx [Client Component SSR]
    ./src/features/upload/components/panel/sources-panel.tsx [Client Component SSR]
    ./src/app/[locale]/(dashboard)/study/_components/study-workspace.tsx [Client Component SSR]
    ./src/app/[locale]/(dashboard)/study/_components/study-workspace.tsx [Server Component]
    ./src/app/[locale]/(dashboard)/study/page.tsx [Server Component]

https://nextjs.org/docs/messages/module-not-found @ http://localhost:3000/_next/static/chunks/0df7_%40sentry_core_build_esm_0tpbl~p._.js:10988
[  468883ms] [ERROR] ./src/app/[locale]/layout.tsx:5:1
Module not found: Can't resolve '@/components/providers/theme-provider'
  3 | import { notFound } from "next/navigation";
  4 | import { Plus_Jakarta_Sans, JetBrains_Mono, Lora } from "next/font/google";
> 5 | import { ThemeProvider } from "@/components/providers/theme-provider";
    | ^^^^^^^^^^^^^^^^^^^^^^^^^^^^^^^^^^^^^^^^^^^^^^^^^^^^^^^^^^^^^^^^^^^^^^
  6 | import { routing } from "@/i18n/routing";
  7 | import "../globals.css";
  8 |

Import map: aliased to relative './src/components/providers/theme-provider' inside of [project]/

https://nextjs.org/docs/messages/module-not-found @ http://localhost:3000/_next/static/chunks/0df7_%40sentry_core_build_esm_0tpbl~p._.js:10988
[  468883ms] [ERROR] ./src/components/ui/dialog.tsx:4:1
Module not found: Can't resolve '@radix-ui/react-dialog'
  2 |
  3 | import * as React from "react";
> 4 | import * as DialogPrimitive from "@radix-ui/react-dialog";
    | ^^^^^^^^^^^^^^^^^^^^^^^^^^^^^^^^^^^^^^^^^^^^^^^^^^^^^^^^^^
  5 |
  6 | import { cn } from "@/lib/utils";
  7 | import { Button } from "@/components/ui/button";

Import traces:
  Client Component Browser:
    ./src/components/ui/dialog.tsx [Client Component Browser]
    ./src/features/upload/components/model/upload-modal.tsx [Client Component Browser]
    ./src/app/[locale]/(dashboard)/study/_components/study-workspace.tsx [Client Component Browser]
    ./src/app/[locale]/(dashboard)/study/_components/study-workspace.tsx [Server Component]
    ./src/app/[locale]/(dashboard)/study/page.tsx [Server Component]

  Client Component SSR:
    ./src/components/ui/dialog.tsx [Client Component SSR]
    ./src/features/upload/components/model/upload-modal.tsx [Client Component SSR]
    ./src/app/[locale]/(dashboard)/study/_components/study-workspace.tsx [Client Component SSR]
    ./src/app/[locale]/(dashboard)/study/_components/study-workspace.tsx [Server Component]
    ./src/app/[locale]/(dashboard)/study/page.tsx [Server Component]

https://nextjs.org/docs/messages/module-not-found @ http://localhost:3000/_next/static/chunks/0df7_%40sentry_core_build_esm_0tpbl~p._.js:10988
[  468883ms] [ERROR] ./src/components/ui/button.tsx:2:1
Module not found: Can't resolve '@radix-ui/react-slot'
  1 | import * as React from "react";
> 2 | import { Slot } from "@radix-ui/react-slot";
    | ^^^^^^^^^^^^^^^^^^^^^^^^^^^^^^^^^^^^^^^^^^^^
  3 | import { cva, type VariantProps } from "class-variance-authority";
  4 |
  5 | import { cn } from "@/lib/utils";

Import traces:
  #1 [Client Component Browser]:
    ./src/components/ui/button.tsx [Client Component Browser]
    ./src/components/layout/dashboard-sidebar.tsx [Client Component Browser]
    ./src/components/layout/dashboard-sidebar.tsx [Server Component]
    ./src/app/[locale]/(dashboard)/layout.tsx [Server Component]

  #2 [Client Component SSR]:
    ./src/components/ui/button.tsx [Client Component SSR]
    ./src/components/layout/dashboard-sidebar.tsx [Client Component SSR]
    ./src/components/layout/dashboard-sidebar.tsx [Server Component]
    ./src/app/[locale]/(dashboard)/layout.tsx [Server Component]

  #3 [Client Component Browser]:
    ./src/components/ui/button.tsx [Client Component Browser]
    ./src/features/upload/components/panel/sources-panel.tsx [Client Component Browser]
    ./src/app/[locale]/(dashboard)/study/_components/study-workspace.tsx [Client Component Browser]
    ./src/app/[locale]/(dashboard)/study/_components/study-workspace.tsx [Server Component]
    ./src/app/[locale]/(dashboard)/study/page.tsx [Server Component]

  #4 [Client Component SSR]:
    ./src/components/ui/button.tsx [Client Component SSR]
    ./src/features/upload/components/panel/sources-panel.tsx [Client Component SSR]
    ./src/app/[locale]/(dashboard)/study/_components/study-workspace.tsx [Client Component SSR]
    ./src/app/[locale]/(dashboard)/study/_components/study-workspace.tsx [Server Component]
    ./src/app/[locale]/(dashboard)/study/page.tsx [Server Component]

https://nextjs.org/docs/messages/module-not-found @ http://localhost:3000/_next/static/chunks/0df7_%40sentry_core_build_esm_0tpbl~p._.js:10988
[  469016ms] [LOG] [Fast Refresh] rebuilding @ http://localhost:3000/_next/static/chunks/0df7_%40sentry_core_build_esm_0tpbl~p._.js:10988
[  469087ms] [ERROR] ./src/app/[locale]/layout.tsx:5:1
Module not found: Can't resolve '@/components/providers/theme-provider'
  3 | import { notFound } from "next/navigation";
  4 | import { Plus_Jakarta_Sans, JetBrains_Mono, Lora } from "next/font/google";
> 5 | import { ThemeProvider } from "@/components/providers/theme-provider";
    | ^^^^^^^^^^^^^^^^^^^^^^^^^^^^^^^^^^^^^^^^^^^^^^^^^^^^^^^^^^^^^^^^^^^^^^
  6 | import { routing } from "@/i18n/routing";
  7 | import "../globals.css";
  8 |

Import map: aliased to relative './src/components/providers/theme-provider' inside of [project]/

https://nextjs.org/docs/messages/module-not-found @ http://localhost:3000/_next/static/chunks/0df7_%40sentry_core_build_esm_0tpbl~p._.js:10988
[  469088ms] [ERROR] ./src/components/ui/dialog.tsx:4:1
Module not found: Can't resolve '@radix-ui/react-dialog'
  2 |
  3 | import * as React from "react";
> 4 | import * as DialogPrimitive from "@radix-ui/react-dialog";
    | ^^^^^^^^^^^^^^^^^^^^^^^^^^^^^^^^^^^^^^^^^^^^^^^^^^^^^^^^^^
  5 |
  6 | import { cn } from "@/lib/utils";
  7 | import { Button } from "@/components/ui/button";

Import traces:
  Client Component Browser:
    ./src/components/ui/dialog.tsx [Client Component Browser]
    ./src/features/upload/components/model/upload-modal.tsx [Client Component Browser]
    ./src/app/[locale]/(dashboard)/study/_components/study-workspace.tsx [Client Component Browser]
    ./src/app/[locale]/(dashboard)/study/_components/study-workspace.tsx [Server Component]
    ./src/app/[locale]/(dashboard)/study/page.tsx [Server Component]

  Client Component SSR:
    ./src/components/ui/dialog.tsx [Client Component SSR]
    ./src/features/upload/components/model/upload-modal.tsx [Client Component SSR]
    ./src/app/[locale]/(dashboard)/study/_components/study-workspace.tsx [Client Component SSR]
    ./src/app/[locale]/(dashboard)/study/_components/study-workspace.tsx [Server Component]
    ./src/app/[locale]/(dashboard)/study/page.tsx [Server Component]

https://nextjs.org/docs/messages/module-not-found @ http://localhost:3000/_next/static/chunks/0df7_%40sentry_core_build_esm_0tpbl~p._.js:10988
[  469088ms] [ERROR] ./src/components/ui/button.tsx:2:1
Module not found: Can't resolve '@radix-ui/react-slot'
  1 | import * as React from "react";
> 2 | import { Slot } from "@radix-ui/react-slot";
    | ^^^^^^^^^^^^^^^^^^^^^^^^^^^^^^^^^^^^^^^^^^^^
  3 | import { cva, type VariantProps } from "class-variance-authority";
  4 |
  5 | import { cn } from "@/lib/utils";

Import traces:
  #1 [Client Component Browser]:
    ./src/components/ui/button.tsx [Client Component Browser]
    ./src/components/layout/dashboard-sidebar.tsx [Client Component Browser]
    ./src/components/layout/dashboard-sidebar.tsx [Server Component]
    ./src/app/[locale]/(dashboard)/layout.tsx [Server Component]

  #2 [Client Component SSR]:
    ./src/components/ui/button.tsx [Client Component SSR]
    ./src/components/layout/dashboard-sidebar.tsx [Client Component SSR]
    ./src/components/layout/dashboard-sidebar.tsx [Server Component]
    ./src/app/[locale]/(dashboard)/layout.tsx [Server Component]

  #3 [Client Component Browser]:
    ./src/components/ui/button.tsx [Client Component Browser]
    ./src/features/upload/components/panel/sources-panel.tsx [Client Component Browser]
    ./src/app/[locale]/(dashboard)/study/_components/study-workspace.tsx [Client Component Browser]
    ./src/app/[locale]/(dashboard)/study/_components/study-workspace.tsx [Server Component]
    ./src/app/[locale]/(dashboard)/study/page.tsx [Server Component]

  #4 [Client Component SSR]:
    ./src/components/ui/button.tsx [Client Component SSR]
    ./src/features/upload/components/panel/sources-panel.tsx [Client Component SSR]
    ./src/app/[locale]/(dashboard)/study/_components/study-workspace.tsx [Client Component SSR]
    ./src/app/[locale]/(dashboard)/study/_components/study-workspace.tsx [Server Component]
    ./src/app/[locale]/(dashboard)/study/page.tsx [Server Component]

https://nextjs.org/docs/messages/module-not-found @ http://localhost:3000/_next/static/chunks/0df7_%40sentry_core_build_esm_0tpbl~p._.js:10988
[  469813ms] [ERROR] ./src/app/[locale]/layout.tsx:5:1
Module not found: Can't resolve '@/components/providers/theme-provider'
  3 | import { notFound } from "next/navigation";
  4 | import { Plus_Jakarta_Sans, JetBrains_Mono, Lora } from "next/font/google";
> 5 | import { ThemeProvider } from "@/components/providers/theme-provider";
    | ^^^^^^^^^^^^^^^^^^^^^^^^^^^^^^^^^^^^^^^^^^^^^^^^^^^^^^^^^^^^^^^^^^^^^^
  6 | import { routing } from "@/i18n/routing";
  7 | import "../globals.css";
  8 |

Import map: aliased to relative './src/components/providers/theme-provider' inside of [project]/

https://nextjs.org/docs/messages/module-not-found @ http://localhost:3000/_next/static/chunks/0df7_%40sentry_core_build_esm_0tpbl~p._.js:10988
[  469814ms] [ERROR] ./src/components/ui/dialog.tsx:4:1
Module not found: Can't resolve '@radix-ui/react-dialog'
  2 |
  3 | import * as React from "react";
> 4 | import * as DialogPrimitive from "@radix-ui/react-dialog";
    | ^^^^^^^^^^^^^^^^^^^^^^^^^^^^^^^^^^^^^^^^^^^^^^^^^^^^^^^^^^
  5 |
  6 | import { cn } from "@/lib/utils";
  7 | import { Button } from "@/components/ui/button";

Import traces:
  Client Component Browser:
    ./src/components/ui/dialog.tsx [Client Component Browser]
    ./src/features/upload/components/model/upload-modal.tsx [Client Component Browser]
    ./src/app/[locale]/(dashboard)/study/_components/study-workspace.tsx [Client Component Browser]
    ./src/app/[locale]/(dashboard)/study/_components/study-workspace.tsx [Server Component]
    ./src/app/[locale]/(dashboard)/study/page.tsx [Server Component]

  Client Component SSR:
    ./src/components/ui/dialog.tsx [Client Component SSR]
    ./src/features/upload/components/model/upload-modal.tsx [Client Component SSR]
    ./src/app/[locale]/(dashboard)/study/_components/study-workspace.tsx [Client Component SSR]
    ./src/app/[locale]/(dashboard)/study/_components/study-workspace.tsx [Server Component]
    ./src/app/[locale]/(dashboard)/study/page.tsx [Server Component]

https://nextjs.org/docs/messages/module-not-found @ http://localhost:3000/_next/static/chunks/0df7_%40sentry_core_build_esm_0tpbl~p._.js:10988
[  469814ms] [ERROR] ./src/components/ui/button.tsx:2:1
Module not found: Can't resolve '@radix-ui/react-slot'
  1 | import * as React from "react";
> 2 | import { Slot } from "@radix-ui/react-slot";
    | ^^^^^^^^^^^^^^^^^^^^^^^^^^^^^^^^^^^^^^^^^^^^
  3 | import { cva, type VariantProps } from "class-variance-authority";
  4 |
  5 | import { cn } from "@/lib/utils";

Import traces:
  #1 [Client Component Browser]:
    ./src/components/ui/button.tsx [Client Component Browser]
    ./src/components/layout/dashboard-sidebar.tsx [Client Component Browser]
    ./src/components/layout/dashboard-sidebar.tsx [Server Component]
    ./src/app/[locale]/(dashboard)/layout.tsx [Server Component]

  #2 [Client Component SSR]:
    ./src/components/ui/button.tsx [Client Component SSR]
    ./src/components/layout/dashboard-sidebar.tsx [Client Component SSR]
    ./src/components/layout/dashboard-sidebar.tsx [Server Component]
    ./src/app/[locale]/(dashboard)/layout.tsx [Server Component]

  #3 [Client Component Browser]:
    ./src/components/ui/button.tsx [Client Component Browser]
    ./src/features/upload/components/panel/sources-panel.tsx [Client Component Browser]
    ./src/app/[locale]/(dashboard)/study/_components/study-workspace.tsx [Client Component Browser]
    ./src/app/[locale]/(dashboard)/study/_components/study-workspace.tsx [Server Component]
    ./src/app/[locale]/(dashboard)/study/page.tsx [Server Component]

  #4 [Client Component SSR]:
    ./src/components/ui/button.tsx [Client Component SSR]
    ./src/features/upload/components/panel/sources-panel.tsx [Client Component SSR]
    ./src/app/[locale]/(dashboard)/study/_components/study-workspace.tsx [Client Component SSR]
    ./src/app/[locale]/(dashboard)/study/_components/study-workspace.tsx [Server Component]
    ./src/app/[locale]/(dashboard)/study/page.tsx [Server Component]

https://nextjs.org/docs/messages/module-not-found @ http://localhost:3000/_next/static/chunks/0df7_%40sentry_core_build_esm_0tpbl~p._.js:10988
[  469849ms] [LOG] [Fast Refresh] rebuilding @ http://localhost:3000/_next/static/chunks/0df7_%40sentry_core_build_esm_0tpbl~p._.js:10988
[  470386ms] [ERROR] ./src/app/[locale]/layout.tsx:5:1
Module not found: Can't resolve '@/components/providers/theme-provider'
  3 | import { notFound } from "next/navigation";
  4 | import { Plus_Jakarta_Sans, JetBrains_Mono, Lora } from "next/font/google";
> 5 | import { ThemeProvider } from "@/components/providers/theme-provider";
    | ^^^^^^^^^^^^^^^^^^^^^^^^^^^^^^^^^^^^^^^^^^^^^^^^^^^^^^^^^^^^^^^^^^^^^^
  6 | import { routing } from "@/i18n/routing";
  7 | import "../globals.css";
  8 |

Import map: aliased to relative './src/components/providers/theme-provider' inside of [project]/

https://nextjs.org/docs/messages/module-not-found @ http://localhost:3000/_next/static/chunks/0df7_%40sentry_core_build_esm_0tpbl~p._.js:10988
[  470386ms] [ERROR] ./src/components/ui/dialog.tsx:4:1
Module not found: Can't resolve '@radix-ui/react-dialog'
  2 |
  3 | import * as React from "react";
> 4 | import * as DialogPrimitive from "@radix-ui/react-dialog";
    | ^^^^^^^^^^^^^^^^^^^^^^^^^^^^^^^^^^^^^^^^^^^^^^^^^^^^^^^^^^
  5 |
  6 | import { cn } from "@/lib/utils";
  7 | import { Button } from "@/components/ui/button";

Import traces:
  Client Component Browser:
    ./src/components/ui/dialog.tsx [Client Component Browser]
    ./src/features/upload/components/model/upload-modal.tsx [Client Component Browser]
    ./src/app/[locale]/(dashboard)/study/_components/study-workspace.tsx [Client Component Browser]
    ./src/app/[locale]/(dashboard)/study/_components/study-workspace.tsx [Server Component]
    ./src/app/[locale]/(dashboard)/study/page.tsx [Server Component]

  Client Component SSR:
    ./src/components/ui/dialog.tsx [Client Component SSR]
    ./src/features/upload/components/model/upload-modal.tsx [Client Component SSR]
    ./src/app/[locale]/(dashboard)/study/_components/study-workspace.tsx [Client Component SSR]
    ./src/app/[locale]/(dashboard)/study/_components/study-workspace.tsx [Server Component]
    ./src/app/[locale]/(dashboard)/study/page.tsx [Server Component]

https://nextjs.org/docs/messages/module-not-found @ http://localhost:3000/_next/static/chunks/0df7_%40sentry_core_build_esm_0tpbl~p._.js:10988
[  470386ms] [ERROR] ./src/components/ui/button.tsx:2:1
Module not found: Can't resolve '@radix-ui/react-slot'
  1 | import * as React from "react";
> 2 | import { Slot } from "@radix-ui/react-slot";
    | ^^^^^^^^^^^^^^^^^^^^^^^^^^^^^^^^^^^^^^^^^^^^
  3 | import { cva, type VariantProps } from "class-variance-authority";
  4 |
  5 | import { cn } from "@/lib/utils";

Import traces:
  #1 [Client Component Browser]:
    ./src/components/ui/button.tsx [Client Component Browser]
    ./src/components/layout/dashboard-sidebar.tsx [Client Component Browser]
    ./src/components/layout/dashboard-sidebar.tsx [Server Component]
    ./src/app/[locale]/(dashboard)/layout.tsx [Server Component]

  #2 [Client Component SSR]:
    ./src/components/ui/button.tsx [Client Component SSR]
    ./src/components/layout/dashboard-sidebar.tsx [Client Component SSR]
    ./src/components/layout/dashboard-sidebar.tsx [Server Component]
    ./src/app/[locale]/(dashboard)/layout.tsx [Server Component]

  #3 [Client Component Browser]:
    ./src/components/ui/button.tsx [Client Component Browser]
    ./src/features/upload/components/panel/sources-panel.tsx [Client Component Browser]
    ./src/app/[locale]/(dashboard)/study/_components/study-workspace.tsx [Client Component Browser]
    ./src/app/[locale]/(dashboard)/study/_components/study-workspace.tsx [Server Component]
    ./src/app/[locale]/(dashboard)/study/page.tsx [Server Component]

  #4 [Client Component SSR]:
    ./src/components/ui/button.tsx [Client Component SSR]
    ./src/features/upload/components/panel/sources-panel.tsx [Client Component SSR]
    ./src/app/[locale]/(dashboard)/study/_components/study-workspace.tsx [Client Component SSR]
    ./src/app/[locale]/(dashboard)/study/_components/study-workspace.tsx [Server Component]
    ./src/app/[locale]/(dashboard)/study/page.tsx [Server Component]

https://nextjs.org/docs/messages/module-not-found @ http://localhost:3000/_next/static/chunks/0df7_%40sentry_core_build_esm_0tpbl~p._.js:10988
[  470439ms] [LOG] [Fast Refresh] rebuilding @ http://localhost:3000/_next/static/chunks/0df7_%40sentry_core_build_esm_0tpbl~p._.js:10988
[  474664ms] [LOG] [Fast Refresh] rebuilding @ http://localhost:3000/_next/static/chunks/0df7_%40sentry_core_build_esm_0tpbl~p._.js:10988
[  475734ms] [ERROR] ./src/app/[locale]/layout.tsx:5:1
Module not found: Can't resolve '@/components/providers/theme-provider'
  3 | import { notFound } from "next/navigation";
  4 | import { Plus_Jakarta_Sans, JetBrains_Mono, Lora } from "next/font/google";
> 5 | import { ThemeProvider } from "@/components/providers/theme-provider";
    | ^^^^^^^^^^^^^^^^^^^^^^^^^^^^^^^^^^^^^^^^^^^^^^^^^^^^^^^^^^^^^^^^^^^^^^
  6 | import { routing } from "@/i18n/routing";
  7 | import "../globals.css";
  8 |

Import map: aliased to relative './src/components/providers/theme-provider' inside of [project]/

https://nextjs.org/docs/messages/module-not-found @ http://localhost:3000/_next/static/chunks/0df7_%40sentry_core_build_esm_0tpbl~p._.js:10988
[  475742ms] [ERROR] ./src/components/ui/dialog.tsx:4:1
Module not found: Can't resolve '@radix-ui/react-dialog'
  2 |
  3 | import * as React from "react";
> 4 | import * as DialogPrimitive from "@radix-ui/react-dialog";
    | ^^^^^^^^^^^^^^^^^^^^^^^^^^^^^^^^^^^^^^^^^^^^^^^^^^^^^^^^^^
  5 |
  6 | import { cn } from "@/lib/utils";
  7 | import { Button } from "@/components/ui/button";

Import traces:
  Client Component Browser:
    ./src/components/ui/dialog.tsx [Client Component Browser]
    ./src/features/upload/components/model/upload-modal.tsx [Client Component Browser]
    ./src/app/[locale]/(dashboard)/study/_components/study-workspace.tsx [Client Component Browser]
    ./src/app/[locale]/(dashboard)/study/_components/study-workspace.tsx [Server Component]
    ./src/app/[locale]/(dashboard)/study/page.tsx [Server Component]

  Client Component SSR:
    ./src/components/ui/dialog.tsx [Client Component SSR]
    ./src/features/upload/components/model/upload-modal.tsx [Client Component SSR]
    ./src/app/[locale]/(dashboard)/study/_components/study-workspace.tsx [Client Component SSR]
    ./src/app/[locale]/(dashboard)/study/_components/study-workspace.tsx [Server Component]
    ./src/app/[locale]/(dashboard)/study/page.tsx [Server Component]

https://nextjs.org/docs/messages/module-not-found @ http://localhost:3000/_next/static/chunks/0df7_%40sentry_core_build_esm_0tpbl~p._.js:10988
[  475752ms] [ERROR] ./src/components/ui/button.tsx:2:1
Module not found: Can't resolve '@radix-ui/react-slot'
  1 | import * as React from "react";
> 2 | import { Slot } from "@radix-ui/react-slot";
    | ^^^^^^^^^^^^^^^^^^^^^^^^^^^^^^^^^^^^^^^^^^^^
  3 | import { cva, type VariantProps } from "class-variance-authority";
  4 |
  5 | import { cn } from "@/lib/utils";

Import traces:
  #1 [Client Component Browser]:
    ./src/components/ui/button.tsx [Client Component Browser]
    ./src/components/layout/dashboard-sidebar.tsx [Client Component Browser]
    ./src/components/layout/dashboard-sidebar.tsx [Server Component]
    ./src/app/[locale]/(dashboard)/layout.tsx [Server Component]

  #2 [Client Component SSR]:
    ./src/components/ui/button.tsx [Client Component SSR]
    ./src/components/layout/dashboard-sidebar.tsx [Client Component SSR]
    ./src/components/layout/dashboard-sidebar.tsx [Server Component]
    ./src/app/[locale]/(dashboard)/layout.tsx [Server Component]

  #3 [Client Component Browser]:
    ./src/components/ui/button.tsx [Client Component Browser]
    ./src/features/upload/components/panel/sources-panel.tsx [Client Component Browser]
    ./src/app/[locale]/(dashboard)/study/_components/study-workspace.tsx [Client Component Browser]
    ./src/app/[locale]/(dashboard)/study/_components/study-workspace.tsx [Server Component]
    ./src/app/[locale]/(dashboard)/study/page.tsx [Server Component]

  #4 [Client Component SSR]:
    ./src/components/ui/button.tsx [Client Component SSR]
    ./src/features/upload/components/panel/sources-panel.tsx [Client Component SSR]
    ./src/app/[locale]/(dashboard)/study/_components/study-workspace.tsx [Client Component SSR]
    ./src/app/[locale]/(dashboard)/study/_components/study-workspace.tsx [Server Component]
    ./src/app/[locale]/(dashboard)/study/page.tsx [Server Component]

https://nextjs.org/docs/messages/module-not-found @ http://localhost:3000/_next/static/chunks/0df7_%40sentry_core_build_esm_0tpbl~p._.js:10988
[  501182ms] [LOG] [Fast Refresh] rebuilding @ http://localhost:3000/_next/static/chunks/0df7_%40sentry_core_build_esm_0tpbl~p._.js:10988
[  502078ms] Error: Internal Next.js error: Router action dispatched before initialization.
    at dispatchAppRouterAction (http://localhost:3000/_next/static/chunks/0b5f_next_dist_client_03ku85~._.js:2271:37)
    at http://localhost:3000/_next/static/chunks/0b5f_next_dist_client_03ku85~._.js:13024:61
    at startTransition (http://localhost:3000/_next/static/chunks/0b5f_next_dist_compiled_0dv9ie3._.js:1280:31)
    at Object.hmrRefresh (http://localhost:3000/_next/static/chunks/0b5f_next_dist_client_03ku85~._.js:13023:40)
    at http://localhost:3000/_next/static/chunks/0b5f_next_dist_client_03ku85~._.js:15191:64
    at startTransition (http://localhost:3000/_next/static/chunks/0b5f_next_dist_compiled_0dv9ie3._.js:1280:31)
    at processMessage (http://localhost:3000/_next/static/chunks/0b5f_next_dist_client_03ku85~._.js:15190:44)
    at WebSocket.handleMessage (http://localhost:3000/_next/static/chunks/0b5f_next_dist_client_03ku85~._.js:14559:52)
[  502165ms] [ERROR] ./src/app/[locale]/layout.tsx:5:1
Module not found: Can't resolve '@/components/providers/theme-provider'
  3 | import { notFound } from "next/navigation";
  4 | import { Plus_Jakarta_Sans, JetBrains_Mono, Lora } from "next/font/google";
> 5 | import { ThemeProvider } from "@/components/providers/theme-provider";
    | ^^^^^^^^^^^^^^^^^^^^^^^^^^^^^^^^^^^^^^^^^^^^^^^^^^^^^^^^^^^^^^^^^^^^^^
  6 | import { routing } from "@/i18n/routing";
  7 | import "../globals.css";
  8 |

Import map: aliased to relative './src/components/providers/theme-provider' inside of [project]/

https://nextjs.org/docs/messages/module-not-found @ http://localhost:3000/_next/static/chunks/0df7_%40sentry_core_build_esm_0tpbl~p._.js:10988
[  502166ms] [ERROR] ./src/components/ui/dialog.tsx:4:1
Module not found: Can't resolve '@radix-ui/react-dialog'
  2 |
  3 | import * as React from "react";
> 4 | import * as DialogPrimitive from "@radix-ui/react-dialog";
    | ^^^^^^^^^^^^^^^^^^^^^^^^^^^^^^^^^^^^^^^^^^^^^^^^^^^^^^^^^^
  5 |
  6 | import { cn } from "@/lib/utils";
  7 | import { Button } from "@/components/ui/button";

Import traces:
  Client Component Browser:
    ./src/components/ui/dialog.tsx [Client Component Browser]
    ./src/features/upload/components/model/upload-modal.tsx [Client Component Browser]
    ./src/app/[locale]/(dashboard)/study/_components/study-workspace.tsx [Client Component Browser]
    ./src/app/[locale]/(dashboard)/study/_components/study-workspace.tsx [Server Component]
    ./src/app/[locale]/(dashboard)/study/page.tsx [Server Component]

  Client Component SSR:
    ./src/components/ui/dialog.tsx [Client Component SSR]
    ./src/features/upload/components/model/upload-modal.tsx [Client Component SSR]
    ./src/app/[locale]/(dashboard)/study/_components/study-workspace.tsx [Client Component SSR]
    ./src/app/[locale]/(dashboard)/study/_components/study-workspace.tsx [Server Component]
    ./src/app/[locale]/(dashboard)/study/page.tsx [Server Component]

https://nextjs.org/docs/messages/module-not-found @ http://localhost:3000/_next/static/chunks/0df7_%40sentry_core_build_esm_0tpbl~p._.js:10988
[  502167ms] [ERROR] ./src/components/ui/button.tsx:2:1
Module not found: Can't resolve '@radix-ui/react-slot'
  1 | import * as React from "react";
> 2 | import { Slot } from "@radix-ui/react-slot";
    | ^^^^^^^^^^^^^^^^^^^^^^^^^^^^^^^^^^^^^^^^^^^^
  3 | import { cva, type VariantProps } from "class-variance-authority";
  4 |
  5 | import { cn } from "@/lib/utils";

Import traces:
  #1 [Client Component Browser]:
    ./src/components/ui/button.tsx [Client Component Browser]
    ./src/components/layout/dashboard-sidebar.tsx [Client Component Browser]
    ./src/components/layout/dashboard-sidebar.tsx [Server Component]
    ./src/app/[locale]/(dashboard)/layout.tsx [Server Component]

  #2 [Client Component SSR]:
    ./src/components/ui/button.tsx [Client Component SSR]
    ./src/components/layout/dashboard-sidebar.tsx [Client Component SSR]
    ./src/components/layout/dashboard-sidebar.tsx [Server Component]
    ./src/app/[locale]/(dashboard)/layout.tsx [Server Component]

  #3 [Client Component Browser]:
    ./src/components/ui/button.tsx [Client Component Browser]
    ./src/features/upload/components/panel/sources-panel.tsx [Client Component Browser]
    ./src/app/[locale]/(dashboard)/study/_components/study-workspace.tsx [Client Component Browser]
    ./src/app/[locale]/(dashboard)/study/_components/study-workspace.tsx [Server Component]
    ./src/app/[locale]/(dashboard)/study/page.tsx [Server Component]

  #4 [Client Component SSR]:
    ./src/components/ui/button.tsx [Client Component SSR]
    ./src/features/upload/components/panel/sources-panel.tsx [Client Component SSR]
    ./src/app/[locale]/(dashboard)/study/_components/study-workspace.tsx [Client Component SSR]
    ./src/app/[locale]/(dashboard)/study/_components/study-workspace.tsx [Server Component]
    ./src/app/[locale]/(dashboard)/study/page.tsx [Server Component]

https://nextjs.org/docs/messages/module-not-found @ http://localhost:3000/_next/static/chunks/0df7_%40sentry_core_build_esm_0tpbl~p._.js:10988
[  502167ms] [ERROR] ./src/components/ui/label.tsx:4:1
Module not found: Can't resolve '@radix-ui/react-label'
  2 |
  3 | import * as React from "react";
> 4 | import * as LabelPrimitive from "@radix-ui/react-label";
    | ^^^^^^^^^^^^^^^^^^^^^^^^^^^^^^^^^^^^^^^^^^^^^^^^^^^^^^^^
  5 |
  6 | import { cn } from "@/lib/utils";
  7 |

Import traces:
  Client Component Browser:
    ./src/components/ui/label.tsx [Client Component Browser]
    ./src/components/auth/sign-in-form.tsx [Client Component Browser]
    ./src/components/auth/sign-in-form.tsx [Server Component]
    ./src/app/[locale]/(auth)/sign-in/[[...sign-in]]/page.tsx [Server Component]

  Client Component SSR:
    ./src/components/ui/label.tsx [Client Component SSR]
    ./src/components/auth/sign-in-form.tsx [Client Component SSR]
    ./src/components/auth/sign-in-form.tsx [Server Component]
    ./src/app/[locale]/(auth)/sign-in/[[...sign-in]]/page.tsx [Server Component]

https://nextjs.org/docs/messages/module-not-found @ http://localhost:3000/_next/static/chunks/0df7_%40sentry_core_build_esm_0tpbl~p._.js:10988
[  502380ms] [ERROR] ./src/app/[locale]/layout.tsx:5:1
Module not found: Can't resolve '@/components/providers/theme-provider'
  3 | import { notFound } from "next/navigation";
  4 | import { Plus_Jakarta_Sans, JetBrains_Mono, Lora } from "next/font/google";
> 5 | import { ThemeProvider } from "@/components/providers/theme-provider";
    | ^^^^^^^^^^^^^^^^^^^^^^^^^^^^^^^^^^^^^^^^^^^^^^^^^^^^^^^^^^^^^^^^^^^^^^
  6 | import { routing } from "@/i18n/routing";
  7 | import "../globals.css";
  8 |

Import map: aliased to relative './src/components/providers/theme-provider' inside of [project]/

https://nextjs.org/docs/messages/module-not-found @ http://localhost:3000/_next/static/chunks/0df7_%40sentry_core_build_esm_0tpbl~p._.js:10988
[  502381ms] [ERROR] ./src/components/ui/dialog.tsx:4:1
Module not found: Can't resolve '@radix-ui/react-dialog'
  2 |
  3 | import * as React from "react";
> 4 | import * as DialogPrimitive from "@radix-ui/react-dialog";
    | ^^^^^^^^^^^^^^^^^^^^^^^^^^^^^^^^^^^^^^^^^^^^^^^^^^^^^^^^^^
  5 |
  6 | import { cn } from "@/lib/utils";
  7 | import { Button } from "@/components/ui/button";

Import traces:
  Client Component Browser:
    ./src/components/ui/dialog.tsx [Client Component Browser]
    ./src/features/upload/components/model/upload-modal.tsx [Client Component Browser]
    ./src/app/[locale]/(dashboard)/study/_components/study-workspace.tsx [Client Component Browser]
    ./src/app/[locale]/(dashboard)/study/_components/study-workspace.tsx [Server Component]
    ./src/app/[locale]/(dashboard)/study/page.tsx [Server Component]

  Client Component SSR:
    ./src/components/ui/dialog.tsx [Client Component SSR]
    ./src/features/upload/components/model/upload-modal.tsx [Client Component SSR]
    ./src/app/[locale]/(dashboard)/study/_components/study-workspace.tsx [Client Component SSR]
    ./src/app/[locale]/(dashboard)/study/_components/study-workspace.tsx [Server Component]
    ./src/app/[locale]/(dashboard)/study/page.tsx [Server Component]

https://nextjs.org/docs/messages/module-not-found @ http://localhost:3000/_next/static/chunks/0df7_%40sentry_core_build_esm_0tpbl~p._.js:10988
[  502382ms] [ERROR] ./src/components/ui/button.tsx:2:1
Module not found: Can't resolve '@radix-ui/react-slot'
  1 | import * as React from "react";
> 2 | import { Slot } from "@radix-ui/react-slot";
    | ^^^^^^^^^^^^^^^^^^^^^^^^^^^^^^^^^^^^^^^^^^^^
  3 | import { cva, type VariantProps } from "class-variance-authority";
  4 |
  5 | import { cn } from "@/lib/utils";

Import traces:
  #1 [Client Component Browser]:
    ./src/components/ui/button.tsx [Client Component Browser]
    ./src/components/layout/dashboard-sidebar.tsx [Client Component Browser]
    ./src/components/layout/dashboard-sidebar.tsx [Server Component]
    ./src/app/[locale]/(dashboard)/layout.tsx [Server Component]

  #2 [Client Component SSR]:
    ./src/components/ui/button.tsx [Client Component SSR]
    ./src/components/layout/dashboard-sidebar.tsx [Client Component SSR]
    ./src/components/layout/dashboard-sidebar.tsx [Server Component]
    ./src/app/[locale]/(dashboard)/layout.tsx [Server Component]

  #3 [Client Component Browser]:
    ./src/components/ui/button.tsx [Client Component Browser]
    ./src/features/upload/components/panel/sources-panel.tsx [Client Component Browser]
    ./src/app/[locale]/(dashboard)/study/_components/study-workspace.tsx [Client Component Browser]
    ./src/app/[locale]/(dashboard)/study/_components/study-workspace.tsx [Server Component]
    ./src/app/[locale]/(dashboard)/study/page.tsx [Server Component]

  #4 [Client Component SSR]:
    ./src/components/ui/button.tsx [Client Component SSR]
    ./src/features/upload/components/panel/sources-panel.tsx [Client Component SSR]
    ./src/app/[locale]/(dashboard)/study/_components/study-workspace.tsx [Client Component SSR]
    ./src/app/[locale]/(dashboard)/study/_components/study-workspace.tsx [Server Component]
    ./src/app/[locale]/(dashboard)/study/page.tsx [Server Component]

https://nextjs.org/docs/messages/module-not-found @ http://localhost:3000/_next/static/chunks/0df7_%40sentry_core_build_esm_0tpbl~p._.js:10988
[  502383ms] [ERROR] ./src/components/ui/label.tsx:4:1
Module not found: Can't resolve '@radix-ui/react-label'
  2 |
  3 | import * as React from "react";
> 4 | import * as LabelPrimitive from "@radix-ui/react-label";
    | ^^^^^^^^^^^^^^^^^^^^^^^^^^^^^^^^^^^^^^^^^^^^^^^^^^^^^^^^
  5 |
  6 | import { cn } from "@/lib/utils";
  7 |

Import traces:
  Client Component Browser:
    ./src/components/ui/label.tsx [Client Component Browser]
    ./src/components/auth/sign-in-form.tsx [Client Component Browser]
    ./src/components/auth/sign-in-form.tsx [Server Component]
    ./src/app/[locale]/(auth)/sign-in/[[...sign-in]]/page.tsx [Server Component]

  Client Component SSR:
    ./src/components/ui/label.tsx [Client Component SSR]
    ./src/components/auth/sign-in-form.tsx [Client Component SSR]
    ./src/components/auth/sign-in-form.tsx [Server Component]
    ./src/app/[locale]/(auth)/sign-in/[[...sign-in]]/page.tsx [Server Component]

https://nextjs.org/docs/messages/module-not-found @ http://localhost:3000/_next/static/chunks/0df7_%40sentry_core_build_esm_0tpbl~p._.js:10988
[  502439ms] [LOG] [Fast Refresh] rebuilding @ http://localhost:3000/_next/static/chunks/0df7_%40sentry_core_build_esm_0tpbl~p._.js:10988
[  502897ms] [ERROR] ./src/app/[locale]/layout.tsx:5:1
Module not found: Can't resolve '@/components/providers/theme-provider'
  3 | import { notFound } from "next/navigation";
  4 | import { Plus_Jakarta_Sans, JetBrains_Mono, Lora } from "next/font/google";
> 5 | import { ThemeProvider } from "@/components/providers/theme-provider";
    | ^^^^^^^^^^^^^^^^^^^^^^^^^^^^^^^^^^^^^^^^^^^^^^^^^^^^^^^^^^^^^^^^^^^^^^
  6 | import { routing } from "@/i18n/routing";
  7 | import "../globals.css";
  8 |

Import map: aliased to relative './src/components/providers/theme-provider' inside of [project]/

https://nextjs.org/docs/messages/module-not-found @ http://localhost:3000/_next/static/chunks/0df7_%40sentry_core_build_esm_0tpbl~p._.js:10988
[  502899ms] [ERROR] ./src/components/ui/dialog.tsx:4:1
Module not found: Can't resolve '@radix-ui/react-dialog'
  2 |
  3 | import * as React from "react";
> 4 | import * as DialogPrimitive from "@radix-ui/react-dialog";
    | ^^^^^^^^^^^^^^^^^^^^^^^^^^^^^^^^^^^^^^^^^^^^^^^^^^^^^^^^^^
  5 |
  6 | import { cn } from "@/lib/utils";
  7 | import { Button } from "@/components/ui/button";

Import traces:
  Client Component Browser:
    ./src/components/ui/dialog.tsx [Client Component Browser]
    ./src/features/upload/components/model/upload-modal.tsx [Client Component Browser]
    ./src/app/[locale]/(dashboard)/study/_components/study-workspace.tsx [Client Component Browser]
    ./src/app/[locale]/(dashboard)/study/_components/study-workspace.tsx [Server Component]
    ./src/app/[locale]/(dashboard)/study/page.tsx [Server Component]

  Client Component SSR:
    ./src/components/ui/dialog.tsx [Client Component SSR]
    ./src/features/upload/components/model/upload-modal.tsx [Client Component SSR]
    ./src/app/[locale]/(dashboard)/study/_components/study-workspace.tsx [Client Component SSR]
    ./src/app/[locale]/(dashboard)/study/_components/study-workspace.tsx [Server Component]
    ./src/app/[locale]/(dashboard)/study/page.tsx [Server Component]

https://nextjs.org/docs/messages/module-not-found @ http://localhost:3000/_next/static/chunks/0df7_%40sentry_core_build_esm_0tpbl~p._.js:10988
[  502900ms] [ERROR] ./src/components/ui/button.tsx:2:1
Module not found: Can't resolve '@radix-ui/react-slot'
  1 | import * as React from "react";
> 2 | import { Slot } from "@radix-ui/react-slot";
    | ^^^^^^^^^^^^^^^^^^^^^^^^^^^^^^^^^^^^^^^^^^^^
  3 | import { cva, type VariantProps } from "class-variance-authority";
  4 |
  5 | import { cn } from "@/lib/utils";

Import traces:
  #1 [Client Component Browser]:
    ./src/components/ui/button.tsx [Client Component Browser]
    ./src/components/layout/dashboard-sidebar.tsx [Client Component Browser]
    ./src/components/layout/dashboard-sidebar.tsx [Server Component]
    ./src/app/[locale]/(dashboard)/layout.tsx [Server Component]

  #2 [Client Component SSR]:
    ./src/components/ui/button.tsx [Client Component SSR]
    ./src/components/layout/dashboard-sidebar.tsx [Client Component SSR]
    ./src/components/layout/dashboard-sidebar.tsx [Server Component]
    ./src/app/[locale]/(dashboard)/layout.tsx [Server Component]

  #3 [Client Component Browser]:
    ./src/components/ui/button.tsx [Client Component Browser]
    ./src/features/upload/components/panel/sources-panel.tsx [Client Component Browser]
    ./src/app/[locale]/(dashboard)/study/_components/study-workspace.tsx [Client Component Browser]
    ./src/app/[locale]/(dashboard)/study/_components/study-workspace.tsx [Server Component]
    ./src/app/[locale]/(dashboard)/study/page.tsx [Server Component]

  #4 [Client Component SSR]:
    ./src/components/ui/button.tsx [Client Component SSR]
    ./src/features/upload/components/panel/sources-panel.tsx [Client Component SSR]
    ./src/app/[locale]/(dashboard)/study/_components/study-workspace.tsx [Client Component SSR]
    ./src/app/[locale]/(dashboard)/study/_components/study-workspace.tsx [Server Component]
    ./src/app/[locale]/(dashboard)/study/page.tsx [Server Component]

https://nextjs.org/docs/messages/module-not-found @ http://localhost:3000/_next/static/chunks/0df7_%40sentry_core_build_esm_0tpbl~p._.js:10988
[  502901ms] [ERROR] ./src/components/ui/label.tsx:4:1
Module not found: Can't resolve '@radix-ui/react-label'
  2 |
  3 | import * as React from "react";
> 4 | import * as LabelPrimitive from "@radix-ui/react-label";
    | ^^^^^^^^^^^^^^^^^^^^^^^^^^^^^^^^^^^^^^^^^^^^^^^^^^^^^^^^
  5 |
  6 | import { cn } from "@/lib/utils";
  7 |

Import traces:
  Client Component Browser:
    ./src/components/ui/label.tsx [Client Component Browser]
    ./src/components/auth/sign-in-form.tsx [Client Component Browser]
    ./src/components/auth/sign-in-form.tsx [Server Component]
    ./src/app/[locale]/(auth)/sign-in/[[...sign-in]]/page.tsx [Server Component]

  Client Component SSR:
    ./src/components/ui/label.tsx [Client Component SSR]
    ./src/components/auth/sign-in-form.tsx [Client Component SSR]
    ./src/components/auth/sign-in-form.tsx [Server Component]
    ./src/app/[locale]/(auth)/sign-in/[[...sign-in]]/page.tsx [Server Component]

https://nextjs.org/docs/messages/module-not-found @ http://localhost:3000/_next/static/chunks/0df7_%40sentry_core_build_esm_0tpbl~p._.js:10988
[  502949ms] [LOG] [Fast Refresh] rebuilding @ http://localhost:3000/_next/static/chunks/0df7_%40sentry_core_build_esm_0tpbl~p._.js:10988
[  503104ms] [ERROR] ./src/app/[locale]/layout.tsx:5:1
Module not found: Can't resolve '@/components/providers/theme-provider'
  3 | import { notFound } from "next/navigation";
  4 | import { Plus_Jakarta_Sans, JetBrains_Mono, Lora } from "next/font/google";
> 5 | import { ThemeProvider } from "@/components/providers/theme-provider";
    | ^^^^^^^^^^^^^^^^^^^^^^^^^^^^^^^^^^^^^^^^^^^^^^^^^^^^^^^^^^^^^^^^^^^^^^
  6 | import { routing } from "@/i18n/routing";
  7 | import "../globals.css";
  8 |

Import map: aliased to relative './src/components/providers/theme-provider' inside of [project]/

https://nextjs.org/docs/messages/module-not-found @ http://localhost:3000/_next/static/chunks/0df7_%40sentry_core_build_esm_0tpbl~p._.js:10988
[  503105ms] [ERROR] ./src/components/ui/dialog.tsx:4:1
Module not found: Can't resolve '@radix-ui/react-dialog'
  2 |
  3 | import * as React from "react";
> 4 | import * as DialogPrimitive from "@radix-ui/react-dialog";
    | ^^^^^^^^^^^^^^^^^^^^^^^^^^^^^^^^^^^^^^^^^^^^^^^^^^^^^^^^^^
  5 |
  6 | import { cn } from "@/lib/utils";
  7 | import { Button } from "@/components/ui/button";

Import traces:
  Client Component Browser:
    ./src/components/ui/dialog.tsx [Client Component Browser]
    ./src/features/upload/components/model/upload-modal.tsx [Client Component Browser]
    ./src/app/[locale]/(dashboard)/study/_components/study-workspace.tsx [Client Component Browser]
    ./src/app/[locale]/(dashboard)/study/_components/study-workspace.tsx [Server Component]
    ./src/app/[locale]/(dashboard)/study/page.tsx [Server Component]

  Client Component SSR:
    ./src/components/ui/dialog.tsx [Client Component SSR]
    ./src/features/upload/components/model/upload-modal.tsx [Client Component SSR]
    ./src/app/[locale]/(dashboard)/study/_components/study-workspace.tsx [Client Component SSR]
    ./src/app/[locale]/(dashboard)/study/_components/study-workspace.tsx [Server Component]
    ./src/app/[locale]/(dashboard)/study/page.tsx [Server Component]

https://nextjs.org/docs/messages/module-not-found @ http://localhost:3000/_next/static/chunks/0df7_%40sentry_core_build_esm_0tpbl~p._.js:10988
[  503105ms] [ERROR] ./src/components/ui/button.tsx:2:1
Module not found: Can't resolve '@radix-ui/react-slot'
  1 | import * as React from "react";
> 2 | import { Slot } from "@radix-ui/react-slot";
    | ^^^^^^^^^^^^^^^^^^^^^^^^^^^^^^^^^^^^^^^^^^^^
  3 | import { cva, type VariantProps } from "class-variance-authority";
  4 |
  5 | import { cn } from "@/lib/utils";

Import traces:
  #1 [Client Component Browser]:
    ./src/components/ui/button.tsx [Client Component Browser]
    ./src/components/layout/dashboard-sidebar.tsx [Client Component Browser]
    ./src/components/layout/dashboard-sidebar.tsx [Server Component]
    ./src/app/[locale]/(dashboard)/layout.tsx [Server Component]

  #2 [Client Component SSR]:
    ./src/components/ui/button.tsx [Client Component SSR]
    ./src/components/layout/dashboard-sidebar.tsx [Client Component SSR]
    ./src/components/layout/dashboard-sidebar.tsx [Server Component]
    ./src/app/[locale]/(dashboard)/layout.tsx [Server Component]

  #3 [Client Component Browser]:
    ./src/components/ui/button.tsx [Client Component Browser]
    ./src/features/upload/components/panel/sources-panel.tsx [Client Component Browser]
    ./src/app/[locale]/(dashboard)/study/_components/study-workspace.tsx [Client Component Browser]
    ./src/app/[locale]/(dashboard)/study/_components/study-workspace.tsx [Server Component]
    ./src/app/[locale]/(dashboard)/study/page.tsx [Server Component]

  #4 [Client Component SSR]:
    ./src/components/ui/button.tsx [Client Component SSR]
    ./src/features/upload/components/panel/sources-panel.tsx [Client Component SSR]
    ./src/app/[locale]/(dashboard)/study/_components/study-workspace.tsx [Client Component SSR]
    ./src/app/[locale]/(dashboard)/study/_components/study-workspace.tsx [Server Component]
    ./src/app/[locale]/(dashboard)/study/page.tsx [Server Component]

https://nextjs.org/docs/messages/module-not-found @ http://localhost:3000/_next/static/chunks/0df7_%40sentry_core_build_esm_0tpbl~p._.js:10988
[  503108ms] [ERROR] ./src/components/ui/label.tsx:4:1
Module not found: Can't resolve '@radix-ui/react-label'
  2 |
  3 | import * as React from "react";
> 4 | import * as LabelPrimitive from "@radix-ui/react-label";
    | ^^^^^^^^^^^^^^^^^^^^^^^^^^^^^^^^^^^^^^^^^^^^^^^^^^^^^^^^
  5 |
  6 | import { cn } from "@/lib/utils";
  7 |

Import traces:
  Client Component Browser:
    ./src/components/ui/label.tsx [Client Component Browser]
    ./src/components/auth/sign-in-form.tsx [Client Component Browser]
    ./src/components/auth/sign-in-form.tsx [Server Component]
    ./src/app/[locale]/(auth)/sign-in/[[...sign-in]]/page.tsx [Server Component]

  Client Component SSR:
    ./src/components/ui/label.tsx [Client Component SSR]
    ./src/components/auth/sign-in-form.tsx [Client Component SSR]
    ./src/components/auth/sign-in-form.tsx [Server Component]
    ./src/app/[locale]/(auth)/sign-in/[[...sign-in]]/page.tsx [Server Component]

https://nextjs.org/docs/messages/module-not-found @ http://localhost:3000/_next/static/chunks/0df7_%40sentry_core_build_esm_0tpbl~p._.js:10988
[  503151ms] [LOG] [Fast Refresh] rebuilding @ http://localhost:3000/_next/static/chunks/0df7_%40sentry_core_build_esm_0tpbl~p._.js:10988
[  526646ms] [LOG] [Fast Refresh] rebuilding @ http://localhost:3000/_next/static/chunks/0df7_%40sentry_core_build_esm_0tpbl~p._.js:10988
[  526661ms] [ERROR] ./src/app/[locale]/layout.tsx:5:1
Module not found: Can't resolve '@/components/providers/theme-provider'
  3 | import { notFound } from "next/navigation";
  4 | import { Plus_Jakarta_Sans, JetBrains_Mono, Lora } from "next/font/google";
> 5 | import { ThemeProvider } from "@/components/providers/theme-provider";
    | ^^^^^^^^^^^^^^^^^^^^^^^^^^^^^^^^^^^^^^^^^^^^^^^^^^^^^^^^^^^^^^^^^^^^^^
  6 | import { routing } from "@/i18n/routing";
  7 | import "../globals.css";
  8 |

Import map: aliased to relative './src/components/providers/theme-provider' inside of [project]/

https://nextjs.org/docs/messages/module-not-found @ http://localhost:3000/_next/static/chunks/0df7_%40sentry_core_build_esm_0tpbl~p._.js:10988
[  526664ms] [ERROR] ./src/components/ui/dialog.tsx:4:1
Module not found: Can't resolve '@radix-ui/react-dialog'
  2 |
  3 | import * as React from "react";
> 4 | import * as DialogPrimitive from "@radix-ui/react-dialog";
    | ^^^^^^^^^^^^^^^^^^^^^^^^^^^^^^^^^^^^^^^^^^^^^^^^^^^^^^^^^^
  5 |
  6 | import { cn } from "@/lib/utils";
  7 | import { Button } from "@/components/ui/button";

Import traces:
  Client Component Browser:
    ./src/components/ui/dialog.tsx [Client Component Browser]
    ./src/features/upload/components/model/upload-modal.tsx [Client Component Browser]
    ./src/app/[locale]/(dashboard)/study/_components/study-workspace.tsx [Client Component Browser]
    ./src/app/[locale]/(dashboard)/study/_components/study-workspace.tsx [Server Component]
    ./src/app/[locale]/(dashboard)/study/page.tsx [Server Component]

  Client Component SSR:
    ./src/components/ui/dialog.tsx [Client Component SSR]
    ./src/features/upload/components/model/upload-modal.tsx [Client Component SSR]
    ./src/app/[locale]/(dashboard)/study/_components/study-workspace.tsx [Client Component SSR]
    ./src/app/[locale]/(dashboard)/study/_components/study-workspace.tsx [Server Component]
    ./src/app/[locale]/(dashboard)/study/page.tsx [Server Component]

https://nextjs.org/docs/messages/module-not-found @ http://localhost:3000/_next/static/chunks/0df7_%40sentry_core_build_esm_0tpbl~p._.js:10988
[  526666ms] [ERROR] ./src/components/ui/button.tsx:2:1
Module not found: Can't resolve '@radix-ui/react-slot'
  1 | import * as React from "react";
> 2 | import { Slot } from "@radix-ui/react-slot";
    | ^^^^^^^^^^^^^^^^^^^^^^^^^^^^^^^^^^^^^^^^^^^^
  3 | import { cva, type VariantProps } from "class-variance-authority";
  4 |
  5 | import { cn } from "@/lib/utils";

Import traces:
  #1 [Client Component Browser]:
    ./src/components/ui/button.tsx [Client Component Browser]
    ./src/components/layout/dashboard-sidebar.tsx [Client Component Browser]
    ./src/components/layout/dashboard-sidebar.tsx [Server Component]
    ./src/app/[locale]/(dashboard)/layout.tsx [Server Component]

  #2 [Client Component SSR]:
    ./src/components/ui/button.tsx [Client Component SSR]
    ./src/components/layout/dashboard-sidebar.tsx [Client Component SSR]
    ./src/components/layout/dashboard-sidebar.tsx [Server Component]
    ./src/app/[locale]/(dashboard)/layout.tsx [Server Component]

  #3 [Client Component Browser]:
    ./src/components/ui/button.tsx [Client Component Browser]
    ./src/features/upload/components/panel/sources-panel.tsx [Client Component Browser]
    ./src/app/[locale]/(dashboard)/study/_components/study-workspace.tsx [Client Component Browser]
    ./src/app/[locale]/(dashboard)/study/_components/study-workspace.tsx [Server Component]
    ./src/app/[locale]/(dashboard)/study/page.tsx [Server Component]

  #4 [Client Component SSR]:
    ./src/components/ui/button.tsx [Client Component SSR]
    ./src/features/upload/components/panel/sources-panel.tsx [Client Component SSR]
    ./src/app/[locale]/(dashboard)/study/_components/study-workspace.tsx [Client Component SSR]
    ./src/app/[locale]/(dashboard)/study/_components/study-workspace.tsx [Server Component]
    ./src/app/[locale]/(dashboard)/study/page.tsx [Server Component]

https://nextjs.org/docs/messages/module-not-found @ http://localhost:3000/_next/static/chunks/0df7_%40sentry_core_build_esm_0tpbl~p._.js:10988
[  526667ms] [ERROR] ./src/components/ui/label.tsx:4:1
Module not found: Can't resolve '@radix-ui/react-label'
  2 |
  3 | import * as React from "react";
> 4 | import * as LabelPrimitive from "@radix-ui/react-label";
    | ^^^^^^^^^^^^^^^^^^^^^^^^^^^^^^^^^^^^^^^^^^^^^^^^^^^^^^^^
  5 |
  6 | import { cn } from "@/lib/utils";
  7 |

Import traces:
  Client Component Browser:
    ./src/components/ui/label.tsx [Client Component Browser]
    ./src/components/auth/sign-in-form.tsx [Client Component Browser]
    ./src/components/auth/sign-in-form.tsx [Server Component]
    ./src/app/[locale]/(auth)/sign-in/[[...sign-in]]/page.tsx [Server Component]

  Client Component SSR:
    ./src/components/ui/label.tsx [Client Component SSR]
    ./src/components/auth/sign-in-form.tsx [Client Component SSR]
    ./src/components/auth/sign-in-form.tsx [Server Component]
    ./src/app/[locale]/(auth)/sign-in/[[...sign-in]]/page.tsx [Server Component]

https://nextjs.org/docs/messages/module-not-found @ http://localhost:3000/_next/static/chunks/0df7_%40sentry_core_build_esm_0tpbl~p._.js:10988
[  550891ms] [LOG] [Fast Refresh] rebuilding @ http://localhost:3000/_next/static/chunks/0df7_%40sentry_core_build_esm_0tpbl~p._.js:10988
[  550903ms] [ERROR] ./src/app/[locale]/layout.tsx:5:1
Module not found: Can't resolve '@/components/providers/theme-provider'
  3 | import { notFound } from "next/navigation";
  4 | import { Plus_Jakarta_Sans, JetBrains_Mono, Lora } from "next/font/google";
> 5 | import { ThemeProvider } from "@/components/providers/theme-provider";
    | ^^^^^^^^^^^^^^^^^^^^^^^^^^^^^^^^^^^^^^^^^^^^^^^^^^^^^^^^^^^^^^^^^^^^^^
  6 | import { routing } from "@/i18n/routing";
  7 | import "../globals.css";
  8 |

Import map: aliased to relative './src/components/providers/theme-provider' inside of [project]/

https://nextjs.org/docs/messages/module-not-found @ http://localhost:3000/_next/static/chunks/0df7_%40sentry_core_build_esm_0tpbl~p._.js:10988
[  550904ms] [ERROR] ./src/components/ui/dialog.tsx:4:1
Module not found: Can't resolve '@radix-ui/react-dialog'
  2 |
  3 | import * as React from "react";
> 4 | import * as DialogPrimitive from "@radix-ui/react-dialog";
    | ^^^^^^^^^^^^^^^^^^^^^^^^^^^^^^^^^^^^^^^^^^^^^^^^^^^^^^^^^^
  5 |
  6 | import { cn } from "@/lib/utils";
  7 | import { Button } from "@/components/ui/button";

Import traces:
  Client Component Browser:
    ./src/components/ui/dialog.tsx [Client Component Browser]
    ./src/features/upload/components/model/upload-modal.tsx [Client Component Browser]
    ./src/app/[locale]/(dashboard)/study/_components/study-workspace.tsx [Client Component Browser]
    ./src/app/[locale]/(dashboard)/study/_components/study-workspace.tsx [Server Component]
    ./src/app/[locale]/(dashboard)/study/page.tsx [Server Component]

  Client Component SSR:
    ./src/components/ui/dialog.tsx [Client Component SSR]
    ./src/features/upload/components/model/upload-modal.tsx [Client Component SSR]
    ./src/app/[locale]/(dashboard)/study/_components/study-workspace.tsx [Client Component SSR]
    ./src/app/[locale]/(dashboard)/study/_components/study-workspace.tsx [Server Component]
    ./src/app/[locale]/(dashboard)/study/page.tsx [Server Component]

https://nextjs.org/docs/messages/module-not-found @ http://localhost:3000/_next/static/chunks/0df7_%40sentry_core_build_esm_0tpbl~p._.js:10988
[  550904ms] [ERROR] ./src/components/ui/button.tsx:2:1
Module not found: Can't resolve '@radix-ui/react-slot'
  1 | import * as React from "react";
> 2 | import { Slot } from "@radix-ui/react-slot";
    | ^^^^^^^^^^^^^^^^^^^^^^^^^^^^^^^^^^^^^^^^^^^^
  3 | import { cva, type VariantProps } from "class-variance-authority";
  4 |
  5 | import { cn } from "@/lib/utils";

Import traces:
  #1 [Client Component Browser]:
    ./src/components/ui/button.tsx [Client Component Browser]
    ./src/components/layout/dashboard-sidebar.tsx [Client Component Browser]
    ./src/components/layout/dashboard-sidebar.tsx [Server Component]
    ./src/app/[locale]/(dashboard)/layout.tsx [Server Component]

  #2 [Client Component SSR]:
    ./src/components/ui/button.tsx [Client Component SSR]
    ./src/components/layout/dashboard-sidebar.tsx [Client Component SSR]
    ./src/components/layout/dashboard-sidebar.tsx [Server Component]
    ./src/app/[locale]/(dashboard)/layout.tsx [Server Component]

  #3 [Client Component Browser]:
    ./src/components/ui/button.tsx [Client Component Browser]
    ./src/features/upload/components/panel/sources-panel.tsx [Client Component Browser]
    ./src/app/[locale]/(dashboard)/study/_components/study-workspace.tsx [Client Component Browser]
    ./src/app/[locale]/(dashboard)/study/_components/study-workspace.tsx [Server Component]
    ./src/app/[locale]/(dashboard)/study/page.tsx [Server Component]

  #4 [Client Component SSR]:
    ./src/components/ui/button.tsx [Client Component SSR]
    ./src/features/upload/components/panel/sources-panel.tsx [Client Component SSR]
    ./src/app/[locale]/(dashboard)/study/_components/study-workspace.tsx [Client Component SSR]
    ./src/app/[locale]/(dashboard)/study/_components/study-workspace.tsx [Server Component]
    ./src/app/[locale]/(dashboard)/study/page.tsx [Server Component]

https://nextjs.org/docs/messages/module-not-found @ http://localhost:3000/_next/static/chunks/0df7_%40sentry_core_build_esm_0tpbl~p._.js:10988
[  550904ms] [ERROR] ./src/components/ui/label.tsx:4:1
Module not found: Can't resolve '@radix-ui/react-label'
  2 |
  3 | import * as React from "react";
> 4 | import * as LabelPrimitive from "@radix-ui/react-label";
    | ^^^^^^^^^^^^^^^^^^^^^^^^^^^^^^^^^^^^^^^^^^^^^^^^^^^^^^^^
  5 |
  6 | import { cn } from "@/lib/utils";
  7 |

Import traces:
  Client Component Browser:
    ./src/components/ui/label.tsx [Client Component Browser]
    ./src/components/auth/sign-in-form.tsx [Client Component Browser]
    ./src/components/auth/sign-in-form.tsx [Server Component]
    ./src/app/[locale]/(auth)/sign-in/[[...sign-in]]/page.tsx [Server Component]

  Client Component SSR:
    ./src/components/ui/label.tsx [Client Component SSR]
    ./src/components/auth/sign-in-form.tsx [Client Component SSR]
    ./src/components/auth/sign-in-form.tsx [Server Component]
    ./src/app/[locale]/(auth)/sign-in/[[...sign-in]]/page.tsx [Server Component]

https://nextjs.org/docs/messages/module-not-found @ http://localhost:3000/_next/static/chunks/0df7_%40sentry_core_build_esm_0tpbl~p._.js:10988
[  569392ms] [ERROR] ./src/app/[locale]/layout.tsx:5:1
Module not found: Can't resolve '@/components/providers/theme-provider'
  3 | import { notFound } from "next/navigation";
  4 | import { Plus_Jakarta_Sans, JetBrains_Mono, Lora } from "next/font/google";
> 5 | import { ThemeProvider } from "@/components/providers/theme-provider";
    | ^^^^^^^^^^^^^^^^^^^^^^^^^^^^^^^^^^^^^^^^^^^^^^^^^^^^^^^^^^^^^^^^^^^^^^
  6 | import { routing } from "@/i18n/routing";
  7 | import "../globals.css";
  8 |

Import map: aliased to relative './src/components/providers/theme-provider' inside of [project]/

https://nextjs.org/docs/messages/module-not-found @ http://localhost:3000/_next/static/chunks/0df7_%40sentry_core_build_esm_0tpbl~p._.js:10988
[  569401ms] [ERROR] ./src/components/ui/dialog.tsx:4:1
Module not found: Can't resolve '@radix-ui/react-dialog'
  2 |
  3 | import * as React from "react";
> 4 | import * as DialogPrimitive from "@radix-ui/react-dialog";
    | ^^^^^^^^^^^^^^^^^^^^^^^^^^^^^^^^^^^^^^^^^^^^^^^^^^^^^^^^^^
  5 |
  6 | import { cn } from "@/lib/utils";
  7 | import { Button } from "@/components/ui/button";

Import traces:
  Client Component Browser:
    ./src/components/ui/dialog.tsx [Client Component Browser]
    ./src/features/upload/components/model/upload-modal.tsx [Client Component Browser]
    ./src/app/[locale]/(dashboard)/study/_components/study-workspace.tsx [Client Component Browser]
    ./src/app/[locale]/(dashboard)/study/_components/study-workspace.tsx [Server Component]
    ./src/app/[locale]/(dashboard)/study/page.tsx [Server Component]

  Client Component SSR:
    ./src/components/ui/dialog.tsx [Client Component SSR]
    ./src/features/upload/components/model/upload-modal.tsx [Client Component SSR]
    ./src/app/[locale]/(dashboard)/study/_components/study-workspace.tsx [Client Component SSR]
    ./src/app/[locale]/(dashboard)/study/_components/study-workspace.tsx [Server Component]
    ./src/app/[locale]/(dashboard)/study/page.tsx [Server Component]

https://nextjs.org/docs/messages/module-not-found @ http://localhost:3000/_next/static/chunks/0df7_%40sentry_core_build_esm_0tpbl~p._.js:10988
[  569402ms] [ERROR] ./src/components/ui/button.tsx:2:1
Module not found: Can't resolve '@radix-ui/react-slot'
  1 | import * as React from "react";
> 2 | import { Slot } from "@radix-ui/react-slot";
    | ^^^^^^^^^^^^^^^^^^^^^^^^^^^^^^^^^^^^^^^^^^^^
  3 | import { cva, type VariantProps } from "class-variance-authority";
  4 |
  5 | import { cn } from "@/lib/utils";

Import traces:
  #1 [Client Component Browser]:
    ./src/components/ui/button.tsx [Client Component Browser]
    ./src/components/layout/dashboard-sidebar.tsx [Client Component Browser]
    ./src/components/layout/dashboard-sidebar.tsx [Server Component]
    ./src/app/[locale]/(dashboard)/layout.tsx [Server Component]

  #2 [Client Component SSR]:
    ./src/components/ui/button.tsx [Client Component SSR]
    ./src/components/layout/dashboard-sidebar.tsx [Client Component SSR]
    ./src/components/layout/dashboard-sidebar.tsx [Server Component]
    ./src/app/[locale]/(dashboard)/layout.tsx [Server Component]

  #3 [Client Component Browser]:
    ./src/components/ui/button.tsx [Client Component Browser]
    ./src/features/upload/components/panel/sources-panel.tsx [Client Component Browser]
    ./src/app/[locale]/(dashboard)/study/_components/study-workspace.tsx [Client Component Browser]
    ./src/app/[locale]/(dashboard)/study/_components/study-workspace.tsx [Server Component]
    ./src/app/[locale]/(dashboard)/study/page.tsx [Server Component]

  #4 [Client Component SSR]:
    ./src/components/ui/button.tsx [Client Component SSR]
    ./src/features/upload/components/panel/sources-panel.tsx [Client Component SSR]
    ./src/app/[locale]/(dashboard)/study/_components/study-workspace.tsx [Client Component SSR]
    ./src/app/[locale]/(dashboard)/study/_components/study-workspace.tsx [Server Component]
    ./src/app/[locale]/(dashboard)/study/page.tsx [Server Component]

https://nextjs.org/docs/messages/module-not-found @ http://localhost:3000/_next/static/chunks/0df7_%40sentry_core_build_esm_0tpbl~p._.js:10988
[  569403ms] [ERROR] ./src/components/ui/label.tsx:4:1
Module not found: Can't resolve '@radix-ui/react-label'
  2 |
  3 | import * as React from "react";
> 4 | import * as LabelPrimitive from "@radix-ui/react-label";
    | ^^^^^^^^^^^^^^^^^^^^^^^^^^^^^^^^^^^^^^^^^^^^^^^^^^^^^^^^
  5 |
  6 | import { cn } from "@/lib/utils";
  7 |

Import traces:
  Client Component Browser:
    ./src/components/ui/label.tsx [Client Component Browser]
    ./src/components/auth/sign-in-form.tsx [Client Component Browser]
    ./src/components/auth/sign-in-form.tsx [Server Component]
    ./src/app/[locale]/(auth)/sign-in/[[...sign-in]]/page.tsx [Server Component]

  Client Component SSR:
    ./src/components/ui/label.tsx [Client Component SSR]
    ./src/components/auth/sign-in-form.tsx [Client Component SSR]
    ./src/components/auth/sign-in-form.tsx [Server Component]
    ./src/app/[locale]/(auth)/sign-in/[[...sign-in]]/page.tsx [Server Component]

https://nextjs.org/docs/messages/module-not-found @ http://localhost:3000/_next/static/chunks/0df7_%40sentry_core_build_esm_0tpbl~p._.js:10988
[  569525ms] [LOG] [Fast Refresh] rebuilding @ http://localhost:3000/_next/static/chunks/0df7_%40sentry_core_build_esm_0tpbl~p._.js:10988
[  570443ms] [ERROR] ./src/app/[locale]/layout.tsx:5:1
Module not found: Can't resolve '@/components/providers/theme-provider'
  3 | import { notFound } from "next/navigation";
  4 | import { Plus_Jakarta_Sans, JetBrains_Mono, Lora } from "next/font/google";
> 5 | import { ThemeProvider } from "@/components/providers/theme-provider";
    | ^^^^^^^^^^^^^^^^^^^^^^^^^^^^^^^^^^^^^^^^^^^^^^^^^^^^^^^^^^^^^^^^^^^^^^
  6 | import { routing } from "@/i18n/routing";
  7 | import "../globals.css";
  8 |

Import map: aliased to relative './src/components/providers/theme-provider' inside of [project]/

https://nextjs.org/docs/messages/module-not-found @ http://localhost:3000/_next/static/chunks/0df7_%40sentry_core_build_esm_0tpbl~p._.js:10988
[  570444ms] [ERROR] ./src/components/ui/dialog.tsx:4:1
Module not found: Can't resolve '@radix-ui/react-dialog'
  2 |
  3 | import * as React from "react";
> 4 | import * as DialogPrimitive from "@radix-ui/react-dialog";
    | ^^^^^^^^^^^^^^^^^^^^^^^^^^^^^^^^^^^^^^^^^^^^^^^^^^^^^^^^^^
  5 |
  6 | import { cn } from "@/lib/utils";
  7 | import { Button } from "@/components/ui/button";

Import traces:
  Client Component Browser:
    ./src/components/ui/dialog.tsx [Client Component Browser]
    ./src/features/upload/components/model/upload-modal.tsx [Client Component Browser]
    ./src/app/[locale]/(dashboard)/study/_components/study-workspace.tsx [Client Component Browser]
    ./src/app/[locale]/(dashboard)/study/_components/study-workspace.tsx [Server Component]
    ./src/app/[locale]/(dashboard)/study/page.tsx [Server Component]

  Client Component SSR:
    ./src/components/ui/dialog.tsx [Client Component SSR]
    ./src/features/upload/components/model/upload-modal.tsx [Client Component SSR]
    ./src/app/[locale]/(dashboard)/study/_components/study-workspace.tsx [Client Component SSR]
    ./src/app/[locale]/(dashboard)/study/_components/study-workspace.tsx [Server Component]
    ./src/app/[locale]/(dashboard)/study/page.tsx [Server Component]

https://nextjs.org/docs/messages/module-not-found @ http://localhost:3000/_next/static/chunks/0df7_%40sentry_core_build_esm_0tpbl~p._.js:10988
[  570445ms] [ERROR] ./src/components/ui/button.tsx:2:1
Module not found: Can't resolve '@radix-ui/react-slot'
  1 | import * as React from "react";
> 2 | import { Slot } from "@radix-ui/react-slot";
    | ^^^^^^^^^^^^^^^^^^^^^^^^^^^^^^^^^^^^^^^^^^^^
  3 | import { cva, type VariantProps } from "class-variance-authority";
  4 |
  5 | import { cn } from "@/lib/utils";

Import traces:
  #1 [Client Component Browser]:
    ./src/components/ui/button.tsx [Client Component Browser]
    ./src/components/layout/dashboard-sidebar.tsx [Client Component Browser]
    ./src/components/layout/dashboard-sidebar.tsx [Server Component]
    ./src/app/[locale]/(dashboard)/layout.tsx [Server Component]

  #2 [Client Component SSR]:
    ./src/components/ui/button.tsx [Client Component SSR]
    ./src/components/layout/dashboard-sidebar.tsx [Client Component SSR]
    ./src/components/layout/dashboard-sidebar.tsx [Server Component]
    ./src/app/[locale]/(dashboard)/layout.tsx [Server Component]

  #3 [Client Component Browser]:
    ./src/components/ui/button.tsx [Client Component Browser]
    ./src/features/upload/components/panel/sources-panel.tsx [Client Component Browser]
    ./src/app/[locale]/(dashboard)/study/_components/study-workspace.tsx [Client Component Browser]
    ./src/app/[locale]/(dashboard)/study/_components/study-workspace.tsx [Server Component]
    ./src/app/[locale]/(dashboard)/study/page.tsx [Server Component]

  #4 [Client Component SSR]:
    ./src/components/ui/button.tsx [Client Component SSR]
    ./src/features/upload/components/panel/sources-panel.tsx [Client Component SSR]
    ./src/app/[locale]/(dashboard)/study/_components/study-workspace.tsx [Client Component SSR]
    ./src/app/[locale]/(dashboard)/study/_components/study-workspace.tsx [Server Component]
    ./src/app/[locale]/(dashboard)/study/page.tsx [Server Component]

https://nextjs.org/docs/messages/module-not-found @ http://localhost:3000/_next/static/chunks/0df7_%40sentry_core_build_esm_0tpbl~p._.js:10988
[  570445ms] [ERROR] ./src/components/ui/label.tsx:4:1
Module not found: Can't resolve '@radix-ui/react-label'
  2 |
  3 | import * as React from "react";
> 4 | import * as LabelPrimitive from "@radix-ui/react-label";
    | ^^^^^^^^^^^^^^^^^^^^^^^^^^^^^^^^^^^^^^^^^^^^^^^^^^^^^^^^
  5 |
  6 | import { cn } from "@/lib/utils";
  7 |

Import traces:
  Client Component Browser:
    ./src/components/ui/label.tsx [Client Component Browser]
    ./src/components/auth/sign-in-form.tsx [Client Component Browser]
    ./src/components/auth/sign-in-form.tsx [Server Component]
    ./src/app/[locale]/(auth)/sign-in/[[...sign-in]]/page.tsx [Server Component]

  Client Component SSR:
    ./src/components/ui/label.tsx [Client Component SSR]
    ./src/components/auth/sign-in-form.tsx [Client Component SSR]
    ./src/components/auth/sign-in-form.tsx [Server Component]
    ./src/app/[locale]/(auth)/sign-in/[[...sign-in]]/page.tsx [Server Component]

https://nextjs.org/docs/messages/module-not-found @ http://localhost:3000/_next/static/chunks/0df7_%40sentry_core_build_esm_0tpbl~p._.js:10988
[  576541ms] [LOG] [Fast Refresh] rebuilding @ http://localhost:3000/_next/static/chunks/0df7_%40sentry_core_build_esm_0tpbl~p._.js:10988
[  576614ms] [ERROR] ./src/app/[locale]/layout.tsx:5:1
Module not found: Can't resolve '@/components/providers/theme-provider'
  3 | import { notFound } from "next/navigation";
  4 | import { Plus_Jakarta_Sans, JetBrains_Mono, Lora } from "next/font/google";
> 5 | import { ThemeProvider } from "@/components/providers/theme-provider";
    | ^^^^^^^^^^^^^^^^^^^^^^^^^^^^^^^^^^^^^^^^^^^^^^^^^^^^^^^^^^^^^^^^^^^^^^
  6 | import { routing } from "@/i18n/routing";
  7 | import "../globals.css";
  8 |

Import map: aliased to relative './src/components/providers/theme-provider' inside of [project]/

https://nextjs.org/docs/messages/module-not-found @ http://localhost:3000/_next/static/chunks/0df7_%40sentry_core_build_esm_0tpbl~p._.js:10988
[  576614ms] [ERROR] ./src/components/ui/dialog.tsx:4:1
Module not found: Can't resolve '@radix-ui/react-dialog'
  2 |
  3 | import * as React from "react";
> 4 | import * as DialogPrimitive from "@radix-ui/react-dialog";
    | ^^^^^^^^^^^^^^^^^^^^^^^^^^^^^^^^^^^^^^^^^^^^^^^^^^^^^^^^^^
  5 |
  6 | import { cn } from "@/lib/utils";
  7 | import { Button } from "@/components/ui/button";

Import traces:
  Client Component Browser:
    ./src/components/ui/dialog.tsx [Client Component Browser]
    ./src/features/upload/components/model/upload-modal.tsx [Client Component Browser]
    ./src/app/[locale]/(dashboard)/study/_components/study-workspace.tsx [Client Component Browser]
    ./src/app/[locale]/(dashboard)/study/_components/study-workspace.tsx [Server Component]
    ./src/app/[locale]/(dashboard)/study/page.tsx [Server Component]

  Client Component SSR:
    ./src/components/ui/dialog.tsx [Client Component SSR]
    ./src/features/upload/components/model/upload-modal.tsx [Client Component SSR]
    ./src/app/[locale]/(dashboard)/study/_components/study-workspace.tsx [Client Component SSR]
    ./src/app/[locale]/(dashboard)/study/_components/study-workspace.tsx [Server Component]
    ./src/app/[locale]/(dashboard)/study/page.tsx [Server Component]

https://nextjs.org/docs/messages/module-not-found @ http://localhost:3000/_next/static/chunks/0df7_%40sentry_core_build_esm_0tpbl~p._.js:10988
[  576615ms] [ERROR] ./src/components/ui/button.tsx:2:1
Module not found: Can't resolve '@radix-ui/react-slot'
  1 | import * as React from "react";
> 2 | import { Slot } from "@radix-ui/react-slot";
    | ^^^^^^^^^^^^^^^^^^^^^^^^^^^^^^^^^^^^^^^^^^^^
  3 | import { cva, type VariantProps } from "class-variance-authority";
  4 |
  5 | import { cn } from "@/lib/utils";

Import traces:
  #1 [Client Component Browser]:
    ./src/components/ui/button.tsx [Client Component Browser]
    ./src/components/layout/dashboard-sidebar.tsx [Client Component Browser]
    ./src/components/layout/dashboard-sidebar.tsx [Server Component]
    ./src/app/[locale]/(dashboard)/layout.tsx [Server Component]

  #2 [Client Component SSR]:
    ./src/components/ui/button.tsx [Client Component SSR]
    ./src/components/layout/dashboard-sidebar.tsx [Client Component SSR]
    ./src/components/layout/dashboard-sidebar.tsx [Server Component]
    ./src/app/[locale]/(dashboard)/layout.tsx [Server Component]

  #3 [Client Component Browser]:
    ./src/components/ui/button.tsx [Client Component Browser]
    ./src/features/upload/components/panel/sources-panel.tsx [Client Component Browser]
    ./src/app/[locale]/(dashboard)/study/_components/study-workspace.tsx [Client Component Browser]
    ./src/app/[locale]/(dashboard)/study/_components/study-workspace.tsx [Server Component]
    ./src/app/[locale]/(dashboard)/study/page.tsx [Server Component]

  #4 [Client Component SSR]:
    ./src/components/ui/button.tsx [Client Component SSR]
    ./src/features/upload/components/panel/sources-panel.tsx [Client Component SSR]
    ./src/app/[locale]/(dashboard)/study/_components/study-workspace.tsx [Client Component SSR]
    ./src/app/[locale]/(dashboard)/study/_components/study-workspace.tsx [Server Component]
    ./src/app/[locale]/(dashboard)/study/page.tsx [Server Component]

https://nextjs.org/docs/messages/module-not-found @ http://localhost:3000/_next/static/chunks/0df7_%40sentry_core_build_esm_0tpbl~p._.js:10988
[  576619ms] [ERROR] ./src/components/ui/label.tsx:4:1
Module not found: Can't resolve '@radix-ui/react-label'
  2 |
  3 | import * as React from "react";
> 4 | import * as LabelPrimitive from "@radix-ui/react-label";
    | ^^^^^^^^^^^^^^^^^^^^^^^^^^^^^^^^^^^^^^^^^^^^^^^^^^^^^^^^
  5 |
  6 | import { cn } from "@/lib/utils";
  7 |

Import traces:
  Client Component Browser:
    ./src/components/ui/label.tsx [Client Component Browser]
    ./src/components/auth/sign-in-form.tsx [Client Component Browser]
    ./src/components/auth/sign-in-form.tsx [Server Component]
    ./src/app/[locale]/(auth)/sign-in/[[...sign-in]]/page.tsx [Server Component]

  Client Component SSR:
    ./src/components/ui/label.tsx [Client Component SSR]
    ./src/components/auth/sign-in-form.tsx [Client Component SSR]
    ./src/components/auth/sign-in-form.tsx [Server Component]
    ./src/app/[locale]/(auth)/sign-in/[[...sign-in]]/page.tsx [Server Component]

https://nextjs.org/docs/messages/module-not-found @ http://localhost:3000/_next/static/chunks/0df7_%40sentry_core_build_esm_0tpbl~p._.js:10988
[  594040ms] [ERROR] ./src/app/[locale]/layout.tsx:5:1
Module not found: Can't resolve '@/components/providers/theme-provider'
  3 | import { notFound } from "next/navigation";
  4 | import { Plus_Jakarta_Sans, JetBrains_Mono, Lora } from "next/font/google";
> 5 | import { ThemeProvider } from "@/components/providers/theme-provider";
    | ^^^^^^^^^^^^^^^^^^^^^^^^^^^^^^^^^^^^^^^^^^^^^^^^^^^^^^^^^^^^^^^^^^^^^^
  6 | import { routing } from "@/i18n/routing";
  7 | import "../globals.css";
  8 |

Import map: aliased to relative './src/components/providers/theme-provider' inside of [project]/

https://nextjs.org/docs/messages/module-not-found @ http://localhost:3000/_next/static/chunks/0df7_%40sentry_core_build_esm_0tpbl~p._.js:10988
[  594047ms] [ERROR] ./src/components/ui/dialog.tsx:4:1
Module not found: Can't resolve '@radix-ui/react-dialog'
  2 |
  3 | import * as React from "react";
> 4 | import * as DialogPrimitive from "@radix-ui/react-dialog";
    | ^^^^^^^^^^^^^^^^^^^^^^^^^^^^^^^^^^^^^^^^^^^^^^^^^^^^^^^^^^
  5 |
  6 | import { cn } from "@/lib/utils";
  7 | import { Button } from "@/components/ui/button";

Import traces:
  Client Component Browser:
    ./src/components/ui/dialog.tsx [Client Component Browser]
    ./src/features/upload/components/model/upload-modal.tsx [Client Component Browser]
    ./src/app/[locale]/(dashboard)/study/_components/study-workspace.tsx [Client Component Browser]
    ./src/app/[locale]/(dashboard)/study/_components/study-workspace.tsx [Server Component]
    ./src/app/[locale]/(dashboard)/study/page.tsx [Server Component]

  Client Component SSR:
    ./src/components/ui/dialog.tsx [Client Component SSR]
    ./src/features/upload/components/model/upload-modal.tsx [Client Component SSR]
    ./src/app/[locale]/(dashboard)/study/_components/study-workspace.tsx [Client Component SSR]
    ./src/app/[locale]/(dashboard)/study/_components/study-workspace.tsx [Server Component]
    ./src/app/[locale]/(dashboard)/study/page.tsx [Server Component]

https://nextjs.org/docs/messages/module-not-found @ http://localhost:3000/_next/static/chunks/0df7_%40sentry_core_build_esm_0tpbl~p._.js:10988
[  594048ms] [ERROR] ./src/components/ui/button.tsx:2:1
Module not found: Can't resolve '@radix-ui/react-slot'
  1 | import * as React from "react";
> 2 | import { Slot } from "@radix-ui/react-slot";
    | ^^^^^^^^^^^^^^^^^^^^^^^^^^^^^^^^^^^^^^^^^^^^
  3 | import { cva, type VariantProps } from "class-variance-authority";
  4 |
  5 | import { cn } from "@/lib/utils";

Import traces:
  #1 [Client Component Browser]:
    ./src/components/ui/button.tsx [Client Component Browser]
    ./src/components/layout/dashboard-sidebar.tsx [Client Component Browser]
    ./src/components/layout/dashboard-sidebar.tsx [Server Component]
    ./src/app/[locale]/(dashboard)/layout.tsx [Server Component]

  #2 [Client Component SSR]:
    ./src/components/ui/button.tsx [Client Component SSR]
    ./src/components/layout/dashboard-sidebar.tsx [Client Component SSR]
    ./src/components/layout/dashboard-sidebar.tsx [Server Component]
    ./src/app/[locale]/(dashboard)/layout.tsx [Server Component]

  #3 [Client Component Browser]:
    ./src/components/ui/button.tsx [Client Component Browser]
    ./src/features/upload/components/panel/sources-panel.tsx [Client Component Browser]
    ./src/app/[locale]/(dashboard)/study/_components/study-workspace.tsx [Client Component Browser]
    ./src/app/[locale]/(dashboard)/study/_components/study-workspace.tsx [Server Component]
    ./src/app/[locale]/(dashboard)/study/page.tsx [Server Component]

  #4 [Client Component SSR]:
    ./src/components/ui/button.tsx [Client Component SSR]
    ./src/features/upload/components/panel/sources-panel.tsx [Client Component SSR]
    ./src/app/[locale]/(dashboard)/study/_components/study-workspace.tsx [Client Component SSR]
    ./src/app/[locale]/(dashboard)/study/_components/study-workspace.tsx [Server Component]
    ./src/app/[locale]/(dashboard)/study/page.tsx [Server Component]

https://nextjs.org/docs/messages/module-not-found @ http://localhost:3000/_next/static/chunks/0df7_%40sentry_core_build_esm_0tpbl~p._.js:10988
[  594048ms] [ERROR] ./src/components/ui/label.tsx:4:1
Module not found: Can't resolve '@radix-ui/react-label'
  2 |
  3 | import * as React from "react";
> 4 | import * as LabelPrimitive from "@radix-ui/react-label";
    | ^^^^^^^^^^^^^^^^^^^^^^^^^^^^^^^^^^^^^^^^^^^^^^^^^^^^^^^^
  5 |
  6 | import { cn } from "@/lib/utils";
  7 |

Import traces:
  Client Component Browser:
    ./src/components/ui/label.tsx [Client Component Browser]
    ./src/components/auth/sign-in-form.tsx [Client Component Browser]
    ./src/components/auth/sign-in-form.tsx [Server Component]
    ./src/app/[locale]/(auth)/sign-in/[[...sign-in]]/page.tsx [Server Component]

  Client Component SSR:
    ./src/components/ui/label.tsx [Client Component SSR]
    ./src/components/auth/sign-in-form.tsx [Client Component SSR]
    ./src/components/auth/sign-in-form.tsx [Server Component]
    ./src/app/[locale]/(auth)/sign-in/[[...sign-in]]/page.tsx [Server Component]

https://nextjs.org/docs/messages/module-not-found @ http://localhost:3000/_next/static/chunks/0df7_%40sentry_core_build_esm_0tpbl~p._.js:10988
[  594072ms] [LOG] [Fast Refresh] rebuilding @ http://localhost:3000/_next/static/chunks/0df7_%40sentry_core_build_esm_0tpbl~p._.js:10988
[  633396ms] [ERROR] ./src/app/[locale]/layout.tsx:5:1
Module not found: Can't resolve '@/components/providers/theme-provider'
  3 | import { notFound } from "next/navigation";
  4 | import { Plus_Jakarta_Sans, JetBrains_Mono, Lora } from "next/font/google";
> 5 | import { ThemeProvider } from "@/components/providers/theme-provider";
    | ^^^^^^^^^^^^^^^^^^^^^^^^^^^^^^^^^^^^^^^^^^^^^^^^^^^^^^^^^^^^^^^^^^^^^^
  6 | import { routing } from "@/i18n/routing";
  7 | import "../globals.css";
  8 |

Import map: aliased to relative './src/components/providers/theme-provider' inside of [project]/

https://nextjs.org/docs/messages/module-not-found @ http://localhost:3000/_next/static/chunks/0df7_%40sentry_core_build_esm_0tpbl~p._.js:10988
[  633556ms] [ERROR] ./src/components/ui/dialog.tsx:4:1
Module not found: Can't resolve '@radix-ui/react-dialog'
  2 |
  3 | import * as React from "react";
> 4 | import * as DialogPrimitive from "@radix-ui/react-dialog";
    | ^^^^^^^^^^^^^^^^^^^^^^^^^^^^^^^^^^^^^^^^^^^^^^^^^^^^^^^^^^
  5 |
  6 | import { cn } from "@/lib/utils";
  7 | import { Button } from "@/components/ui/button";

Import traces:
  Client Component Browser:
    ./src/components/ui/dialog.tsx [Client Component Browser]
    ./src/features/upload/components/model/upload-modal.tsx [Client Component Browser]
    ./src/app/[locale]/(dashboard)/study/_components/study-workspace.tsx [Client Component Browser]
    ./src/app/[locale]/(dashboard)/study/_components/study-workspace.tsx [Server Component]
    ./src/app/[locale]/(dashboard)/study/page.tsx [Server Component]

  Client Component SSR:
    ./src/components/ui/dialog.tsx [Client Component SSR]
    ./src/features/upload/components/model/upload-modal.tsx [Client Component SSR]
    ./src/app/[locale]/(dashboard)/study/_components/study-workspace.tsx [Client Component SSR]
    ./src/app/[locale]/(dashboard)/study/_components/study-workspace.tsx [Server Component]
    ./src/app/[locale]/(dashboard)/study/page.tsx [Server Component]

https://nextjs.org/docs/messages/module-not-found @ http://localhost:3000/_next/static/chunks/0df7_%40sentry_core_build_esm_0tpbl~p._.js:10988
[  633729ms] [ERROR] ./src/components/ui/button.tsx:2:1
Module not found: Can't resolve '@radix-ui/react-slot'
  1 | import * as React from "react";
> 2 | import { Slot } from "@radix-ui/react-slot";
    | ^^^^^^^^^^^^^^^^^^^^^^^^^^^^^^^^^^^^^^^^^^^^
  3 | import { cva, type VariantProps } from "class-variance-authority";
  4 |
  5 | import { cn } from "@/lib/utils";

Import traces:
  #1 [Client Component Browser]:
    ./src/components/ui/button.tsx [Client Component Browser]
    ./src/components/layout/dashboard-sidebar.tsx [Client Component Browser]
    ./src/components/layout/dashboard-sidebar.tsx [Server Component]
    ./src/app/[locale]/(dashboard)/layout.tsx [Server Component]

  #2 [Client Component SSR]:
    ./src/components/ui/button.tsx [Client Component SSR]
    ./src/components/layout/dashboard-sidebar.tsx [Client Component SSR]
    ./src/components/layout/dashboard-sidebar.tsx [Server Component]
    ./src/app/[locale]/(dashboard)/layout.tsx [Server Component]

  #3 [Client Component Browser]:
    ./src/components/ui/button.tsx [Client Component Browser]
    ./src/features/upload/components/panel/sources-panel.tsx [Client Component Browser]
    ./src/app/[locale]/(dashboard)/study/_components/study-workspace.tsx [Client Component Browser]
    ./src/app/[locale]/(dashboard)/study/_components/study-workspace.tsx [Server Component]
    ./src/app/[locale]/(dashboard)/study/page.tsx [Server Component]

  #4 [Client Component SSR]:
    ./src/components/ui/button.tsx [Client Component SSR]
    ./src/features/upload/components/panel/sources-panel.tsx [Client Component SSR]
    ./src/app/[locale]/(dashboard)/study/_components/study-workspace.tsx [Client Component SSR]
    ./src/app/[locale]/(dashboard)/study/_components/study-workspace.tsx [Server Component]
    ./src/app/[locale]/(dashboard)/study/page.tsx [Server Component]

https://nextjs.org/docs/messages/module-not-found @ http://localhost:3000/_next/static/chunks/0df7_%40sentry_core_build_esm_0tpbl~p._.js:10988
[  633838ms] [ERROR] ./src/components/ui/label.tsx:4:1
Module not found: Can't resolve '@radix-ui/react-label'
  2 |
  3 | import * as React from "react";
> 4 | import * as LabelPrimitive from "@radix-ui/react-label";
    | ^^^^^^^^^^^^^^^^^^^^^^^^^^^^^^^^^^^^^^^^^^^^^^^^^^^^^^^^
  5 |
  6 | import { cn } from "@/lib/utils";
  7 |

Import traces:
  Client Component Browser:
    ./src/components/ui/label.tsx [Client Component Browser]
    ./src/components/auth/sign-in-form.tsx [Client Component Browser]
    ./src/components/auth/sign-in-form.tsx [Server Component]
    ./src/app/[locale]/(auth)/sign-in/[[...sign-in]]/page.tsx [Server Component]

  Client Component SSR:
    ./src/components/ui/label.tsx [Client Component SSR]
    ./src/components/auth/sign-in-form.tsx [Client Component SSR]
    ./src/components/auth/sign-in-form.tsx [Server Component]
    ./src/app/[locale]/(auth)/sign-in/[[...sign-in]]/page.tsx [Server Component]

https://nextjs.org/docs/messages/module-not-found @ http://localhost:3000/_next/static/chunks/0df7_%40sentry_core_build_esm_0tpbl~p._.js:10988
[  634565ms] [ERROR] ./src/app/[locale]/layout.tsx:5:1
Module not found: Can't resolve '@/components/providers/theme-provider'
  3 | import { notFound } from "next/navigation";
  4 | import { Plus_Jakarta_Sans, JetBrains_Mono, Lora } from "next/font/google";
> 5 | import { ThemeProvider } from "@/components/providers/theme-provider";
    | ^^^^^^^^^^^^^^^^^^^^^^^^^^^^^^^^^^^^^^^^^^^^^^^^^^^^^^^^^^^^^^^^^^^^^^
  6 | import { routing } from "@/i18n/routing";
  7 | import "../globals.css";
  8 |

Import map: aliased to relative './src/components/providers/theme-provider' inside of [project]/

https://nextjs.org/docs/messages/module-not-found @ http://localhost:3000/_next/static/chunks/0df7_%40sentry_core_build_esm_0tpbl~p._.js:10988
[  634869ms] [ERROR] ./src/components/ui/dialog.tsx:4:1
Module not found: Can't resolve '@radix-ui/react-dialog'
  2 |
  3 | import * as React from "react";
> 4 | import * as DialogPrimitive from "@radix-ui/react-dialog";
    | ^^^^^^^^^^^^^^^^^^^^^^^^^^^^^^^^^^^^^^^^^^^^^^^^^^^^^^^^^^
  5 |
  6 | import { cn } from "@/lib/utils";
  7 | import { Button } from "@/components/ui/button";

Import traces:
  Client Component Browser:
    ./src/components/ui/dialog.tsx [Client Component Browser]
    ./src/features/upload/components/model/upload-modal.tsx [Client Component Browser]
    ./src/app/[locale]/(dashboard)/study/_components/study-workspace.tsx [Client Component Browser]
    ./src/app/[locale]/(dashboard)/study/_components/study-workspace.tsx [Server Component]
    ./src/app/[locale]/(dashboard)/study/page.tsx [Server Component]

  Client Component SSR:
    ./src/components/ui/dialog.tsx [Client Component SSR]
    ./src/features/upload/components/model/upload-modal.tsx [Client Component SSR]
    ./src/app/[locale]/(dashboard)/study/_components/study-workspace.tsx [Client Component SSR]
    ./src/app/[locale]/(dashboard)/study/_components/study-workspace.tsx [Server Component]
    ./src/app/[locale]/(dashboard)/study/page.tsx [Server Component]

https://nextjs.org/docs/messages/module-not-found @ http://localhost:3000/_next/static/chunks/0df7_%40sentry_core_build_esm_0tpbl~p._.js:10988
[  635435ms] [ERROR] ./src/components/ui/button.tsx:2:1
Module not found: Can't resolve '@radix-ui/react-slot'
  1 | import * as React from "react";
> 2 | import { Slot } from "@radix-ui/react-slot";
    | ^^^^^^^^^^^^^^^^^^^^^^^^^^^^^^^^^^^^^^^^^^^^
  3 | import { cva, type VariantProps } from "class-variance-authority";
  4 |
  5 | import { cn } from "@/lib/utils";

Import traces:
  #1 [Client Component Browser]:
    ./src/components/ui/button.tsx [Client Component Browser]
    ./src/components/layout/dashboard-sidebar.tsx [Client Component Browser]
    ./src/components/layout/dashboard-sidebar.tsx [Server Component]
    ./src/app/[locale]/(dashboard)/layout.tsx [Server Component]

  #2 [Client Component SSR]:
    ./src/components/ui/button.tsx [Client Component SSR]
    ./src/components/layout/dashboard-sidebar.tsx [Client Component SSR]
    ./src/components/layout/dashboard-sidebar.tsx [Server Component]
    ./src/app/[locale]/(dashboard)/layout.tsx [Server Component]

  #3 [Client Component Browser]:
    ./src/components/ui/button.tsx [Client Component Browser]
    ./src/features/upload/components/panel/sources-panel.tsx [Client Component Browser]
    ./src/app/[locale]/(dashboard)/study/_components/study-workspace.tsx [Client Component Browser]
    ./src/app/[locale]/(dashboard)/study/_components/study-workspace.tsx [Server Component]
    ./src/app/[locale]/(dashboard)/study/page.tsx [Server Component]

  #4 [Client Component SSR]:
    ./src/components/ui/button.tsx [Client Component SSR]
    ./src/features/upload/components/panel/sources-panel.tsx [Client Component SSR]
    ./src/app/[locale]/(dashboard)/study/_components/study-workspace.tsx [Client Component SSR]
    ./src/app/[locale]/(dashboard)/study/_components/study-workspace.tsx [Server Component]
    ./src/app/[locale]/(dashboard)/study/page.tsx [Server Component]

https://nextjs.org/docs/messages/module-not-found @ http://localhost:3000/_next/static/chunks/0df7_%40sentry_core_build_esm_0tpbl~p._.js:10988
[  635953ms] [ERROR] ./src/components/ui/label.tsx:4:1
Module not found: Can't resolve '@radix-ui/react-label'
  2 |
  3 | import * as React from "react";
> 4 | import * as LabelPrimitive from "@radix-ui/react-label";
    | ^^^^^^^^^^^^^^^^^^^^^^^^^^^^^^^^^^^^^^^^^^^^^^^^^^^^^^^^
  5 |
  6 | import { cn } from "@/lib/utils";
  7 |

Import traces:
  Client Component Browser:
    ./src/components/ui/label.tsx [Client Component Browser]
    ./src/components/auth/sign-in-form.tsx [Client Component Browser]
    ./src/components/auth/sign-in-form.tsx [Server Component]
    ./src/app/[locale]/(auth)/sign-in/[[...sign-in]]/page.tsx [Server Component]

  Client Component SSR:
    ./src/components/ui/label.tsx [Client Component SSR]
    ./src/components/auth/sign-in-form.tsx [Client Component SSR]
    ./src/components/auth/sign-in-form.tsx [Server Component]
    ./src/app/[locale]/(auth)/sign-in/[[...sign-in]]/page.tsx [Server Component]

https://nextjs.org/docs/messages/module-not-found @ http://localhost:3000/_next/static/chunks/0df7_%40sentry_core_build_esm_0tpbl~p._.js:10988
[  637457ms] [ERROR] ./src/app/[locale]/layout.tsx:5:1
Module not found: Can't resolve '@/components/providers/theme-provider'
  3 | import { notFound } from "next/navigation";
  4 | import { Plus_Jakarta_Sans, JetBrains_Mono, Lora } from "next/font/google";
> 5 | import { ThemeProvider } from "@/components/providers/theme-provider";
    | ^^^^^^^^^^^^^^^^^^^^^^^^^^^^^^^^^^^^^^^^^^^^^^^^^^^^^^^^^^^^^^^^^^^^^^
  6 | import { routing } from "@/i18n/routing";
  7 | import "../globals.css";
  8 |

Import map: aliased to relative './src/components/providers/theme-provider' inside of [project]/

https://nextjs.org/docs/messages/module-not-found @ http://localhost:3000/_next/static/chunks/0df7_%40sentry_core_build_esm_0tpbl~p._.js:10988
[  638157ms] [ERROR] ./src/components/ui/dialog.tsx:4:1
Module not found: Can't resolve '@radix-ui/react-dialog'
  2 |
  3 | import * as React from "react";
> 4 | import * as DialogPrimitive from "@radix-ui/react-dialog";
    | ^^^^^^^^^^^^^^^^^^^^^^^^^^^^^^^^^^^^^^^^^^^^^^^^^^^^^^^^^^
  5 |
  6 | import { cn } from "@/lib/utils";
  7 | import { Button } from "@/components/ui/button";

Import traces:
  Client Component Browser:
    ./src/components/ui/dialog.tsx [Client Component Browser]
    ./src/features/upload/components/model/upload-modal.tsx [Client Component Browser]
    ./src/app/[locale]/(dashboard)/study/_components/study-workspace.tsx [Client Component Browser]
    ./src/app/[locale]/(dashboard)/study/_components/study-workspace.tsx [Server Component]
    ./src/app/[locale]/(dashboard)/study/page.tsx [Server Component]

  Client Component SSR:
    ./src/components/ui/dialog.tsx [Client Component SSR]
    ./src/features/upload/components/model/upload-modal.tsx [Client Component SSR]
    ./src/app/[locale]/(dashboard)/study/_components/study-workspace.tsx [Client Component SSR]
    ./src/app/[locale]/(dashboard)/study/_components/study-workspace.tsx [Server Component]
    ./src/app/[locale]/(dashboard)/study/page.tsx [Server Component]

https://nextjs.org/docs/messages/module-not-found @ http://localhost:3000/_next/static/chunks/0df7_%40sentry_core_build_esm_0tpbl~p._.js:10988
[  638904ms] [ERROR] ./src/components/ui/button.tsx:2:1
Module not found: Can't resolve '@radix-ui/react-slot'
  1 | import * as React from "react";
> 2 | import { Slot } from "@radix-ui/react-slot";
    | ^^^^^^^^^^^^^^^^^^^^^^^^^^^^^^^^^^^^^^^^^^^^
  3 | import { cva, type VariantProps } from "class-variance-authority";
  4 |
  5 | import { cn } from "@/lib/utils";

Import traces:
  #1 [Client Component Browser]:
    ./src/components/ui/button.tsx [Client Component Browser]
    ./src/components/layout/dashboard-sidebar.tsx [Client Component Browser]
    ./src/components/layout/dashboard-sidebar.tsx [Server Component]
    ./src/app/[locale]/(dashboard)/layout.tsx [Server Component]

  #2 [Client Component SSR]:
    ./src/components/ui/button.tsx [Client Component SSR]
    ./src/components/layout/dashboard-sidebar.tsx [Client Component SSR]
    ./src/components/layout/dashboard-sidebar.tsx [Server Component]
    ./src/app/[locale]/(dashboard)/layout.tsx [Server Component]

  #3 [Client Component Browser]:
    ./src/components/ui/button.tsx [Client Component Browser]
    ./src/features/upload/components/panel/sources-panel.tsx [Client Component Browser]
    ./src/app/[locale]/(dashboard)/study/_components/study-workspace.tsx [Client Component Browser]
    ./src/app/[locale]/(dashboard)/study/_components/study-workspace.tsx [Server Component]
    ./src/app/[locale]/(dashboard)/study/page.tsx [Server Component]

  #4 [Client Component SSR]:
    ./src/components/ui/button.tsx [Client Component SSR]
    ./src/features/upload/components/panel/sources-panel.tsx [Client Component SSR]
    ./src/app/[locale]/(dashboard)/study/_components/study-workspace.tsx [Client Component SSR]
    ./src/app/[locale]/(dashboard)/study/_components/study-workspace.tsx [Server Component]
    ./src/app/[locale]/(dashboard)/study/page.tsx [Server Component]

https://nextjs.org/docs/messages/module-not-found @ http://localhost:3000/_next/static/chunks/0df7_%40sentry_core_build_esm_0tpbl~p._.js:10988
[  639477ms] [ERROR] ./src/components/ui/label.tsx:4:1
Module not found: Can't resolve '@radix-ui/react-label'
  2 |
  3 | import * as React from "react";
> 4 | import * as LabelPrimitive from "@radix-ui/react-label";
    | ^^^^^^^^^^^^^^^^^^^^^^^^^^^^^^^^^^^^^^^^^^^^^^^^^^^^^^^^
  5 |
  6 | import { cn } from "@/lib/utils";
  7 |

Import traces:
  Client Component Browser:
    ./src/components/ui/label.tsx [Client Component Browser]
    ./src/components/auth/sign-in-form.tsx [Client Component Browser]
    ./src/components/auth/sign-in-form.tsx [Server Component]
    ./src/app/[locale]/(auth)/sign-in/[[...sign-in]]/page.tsx [Server Component]

  Client Component SSR:
    ./src/components/ui/label.tsx [Client Component SSR]
    ./src/components/auth/sign-in-form.tsx [Client Component SSR]
    ./src/components/auth/sign-in-form.tsx [Server Component]
    ./src/app/[locale]/(auth)/sign-in/[[...sign-in]]/page.tsx [Server Component]

https://nextjs.org/docs/messages/module-not-found @ http://localhost:3000/_next/static/chunks/0df7_%40sentry_core_build_esm_0tpbl~p._.js:10988
[  642101ms] [ERROR] ./src/app/[locale]/layout.tsx:5:1
Module not found: Can't resolve '@/components/providers/theme-provider'
  3 | import { notFound } from "next/navigation";
  4 | import { Plus_Jakarta_Sans, JetBrains_Mono, Lora } from "next/font/google";
> 5 | import { ThemeProvider } from "@/components/providers/theme-provider";
    | ^^^^^^^^^^^^^^^^^^^^^^^^^^^^^^^^^^^^^^^^^^^^^^^^^^^^^^^^^^^^^^^^^^^^^^
  6 | import { routing } from "@/i18n/routing";
  7 | import "../globals.css";
  8 |

Import map: aliased to relative './src/components/providers/theme-provider' inside of [project]/

https://nextjs.org/docs/messages/module-not-found @ http://localhost:3000/_next/static/chunks/0df7_%40sentry_core_build_esm_0tpbl~p._.js:10988
[  642716ms] [ERROR] ./src/components/ui/dialog.tsx:4:1
Module not found: Can't resolve '@radix-ui/react-dialog'
  2 |
  3 | import * as React from "react";
> 4 | import * as DialogPrimitive from "@radix-ui/react-dialog";
    | ^^^^^^^^^^^^^^^^^^^^^^^^^^^^^^^^^^^^^^^^^^^^^^^^^^^^^^^^^^
  5 |
  6 | import { cn } from "@/lib/utils";
  7 | import { Button } from "@/components/ui/button";

Import traces:
  Client Component Browser:
    ./src/components/ui/dialog.tsx [Client Component Browser]
    ./src/features/upload/components/model/upload-modal.tsx [Client Component Browser]
    ./src/app/[locale]/(dashboard)/study/_components/study-workspace.tsx [Client Component Browser]
    ./src/app/[locale]/(dashboard)/study/_components/study-workspace.tsx [Server Component]
    ./src/app/[locale]/(dashboard)/study/page.tsx [Server Component]

  Client Component SSR:
    ./src/components/ui/dialog.tsx [Client Component SSR]
    ./src/features/upload/components/model/upload-modal.tsx [Client Component SSR]
    ./src/app/[locale]/(dashboard)/study/_components/study-workspace.tsx [Client Component SSR]
    ./src/app/[locale]/(dashboard)/study/_components/study-workspace.tsx [Server Component]
    ./src/app/[locale]/(dashboard)/study/page.tsx [Server Component]

https://nextjs.org/docs/messages/module-not-found @ http://localhost:3000/_next/static/chunks/0df7_%40sentry_core_build_esm_0tpbl~p._.js:10988
[  642765ms] [ERROR] ./src/components/ui/button.tsx:2:1
Module not found: Can't resolve '@radix-ui/react-slot'
  1 | import * as React from "react";
> 2 | import { Slot } from "@radix-ui/react-slot";
    | ^^^^^^^^^^^^^^^^^^^^^^^^^^^^^^^^^^^^^^^^^^^^
  3 | import { cva, type VariantProps } from "class-variance-authority";
  4 |
  5 | import { cn } from "@/lib/utils";

Import traces:
  #1 [Client Component Browser]:
    ./src/components/ui/button.tsx [Client Component Browser]
    ./src/components/layout/dashboard-sidebar.tsx [Client Component Browser]
    ./src/components/layout/dashboard-sidebar.tsx [Server Component]
    ./src/app/[locale]/(dashboard)/layout.tsx [Server Component]

  #2 [Client Component SSR]:
    ./src/components/ui/button.tsx [Client Component SSR]
    ./src/components/layout/dashboard-sidebar.tsx [Client Component SSR]
    ./src/components/layout/dashboard-sidebar.tsx [Server Component]
    ./src/app/[locale]/(dashboard)/layout.tsx [Server Component]

  #3 [Client Component Browser]:
    ./src/components/ui/button.tsx [Client Component Browser]
    ./src/features/upload/components/panel/sources-panel.tsx [Client Component Browser]
    ./src/app/[locale]/(dashboard)/study/_components/study-workspace.tsx [Client Component Browser]
    ./src/app/[locale]/(dashboard)/study/_components/study-workspace.tsx [Server Component]
    ./src/app/[locale]/(dashboard)/study/page.tsx [Server Component]

  #4 [Client Component SSR]:
    ./src/components/ui/button.tsx [Client Component SSR]
    ./src/features/upload/components/panel/sources-panel.tsx [Client Component SSR]
    ./src/app/[locale]/(dashboard)/study/_components/study-workspace.tsx [Client Component SSR]
    ./src/app/[locale]/(dashboard)/study/_components/study-workspace.tsx [Server Component]
    ./src/app/[locale]/(dashboard)/study/page.tsx [Server Component]

https://nextjs.org/docs/messages/module-not-found @ http://localhost:3000/_next/static/chunks/0df7_%40sentry_core_build_esm_0tpbl~p._.js:10988
[  642765ms] [ERROR] ./src/components/ui/label.tsx:4:1
Module not found: Can't resolve '@radix-ui/react-label'
  2 |
  3 | import * as React from "react";
> 4 | import * as LabelPrimitive from "@radix-ui/react-label";
    | ^^^^^^^^^^^^^^^^^^^^^^^^^^^^^^^^^^^^^^^^^^^^^^^^^^^^^^^^
  5 |
  6 | import { cn } from "@/lib/utils";
  7 |

Import traces:
  Client Component Browser:
    ./src/components/ui/label.tsx [Client Component Browser]
    ./src/components/auth/sign-in-form.tsx [Client Component Browser]
    ./src/components/auth/sign-in-form.tsx [Server Component]
    ./src/app/[locale]/(auth)/sign-in/[[...sign-in]]/page.tsx [Server Component]

  Client Component SSR:
    ./src/components/ui/label.tsx [Client Component SSR]
    ./src/components/auth/sign-in-form.tsx [Client Component SSR]
    ./src/components/auth/sign-in-form.tsx [Server Component]
    ./src/app/[locale]/(auth)/sign-in/[[...sign-in]]/page.tsx [Server Component]

https://nextjs.org/docs/messages/module-not-found @ http://localhost:3000/_next/static/chunks/0df7_%40sentry_core_build_esm_0tpbl~p._.js:10988
[  642916ms] [LOG] [Fast Refresh] rebuilding @ http://localhost:3000/_next/static/chunks/0df7_%40sentry_core_build_esm_0tpbl~p._.js:10988
